date,county,cases,deaths
2020-03-06,Adams,0.0,0.0
2020-03-06,Allegheny,0.0,0.0
2020-03-06,Armstrong,0.0,0.0
2020-03-06,Beaver,0.0,0.0
2020-03-06,Bedford,0.0,0.0
2020-03-06,Berks,0.0,0.0
2020-03-06,Blair,0.0,0.0
2020-03-06,Bradford,0.0,0.0
2020-03-06,Bucks,0.0,0.0
2020-03-06,Butler,0.0,0.0
2020-03-06,Cambria,0.0,0.0
2020-03-06,Cameron,0.0,0.0
2020-03-06,Carbon,0.0,0.0
2020-03-06,Centre,0.0,0.0
2020-03-06,Chester,0.0,0.0
2020-03-06,Clarion,0.0,0.0
2020-03-06,Clearfield,0.0,0.0
2020-03-06,Clinton,0.0,0.0
2020-03-06,Columbia,0.0,0.0
2020-03-06,Crawford,0.0,0.0
2020-03-06,Cumberland,0.0,0.0
2020-03-06,Dauphin,0.0,0.0
2020-03-06,Delaware,1.0,0.0
2020-03-06,Elk,0.0,0.0
2020-03-06,Erie,0.0,0.0
2020-03-06,Fayette,0.0,0.0
2020-03-06,Forest,0.0,0.0
2020-03-06,Franklin,0.0,0.0
2020-03-06,Fulton,0.0,0.0
2020-03-06,Greene,0.0,0.0
2020-03-06,Huntingdon,0.0,0.0
2020-03-06,Indiana,0.0,0.0
2020-03-06,Jefferson,0.0,0.0
2020-03-06,Juniata,0.0,0.0
2020-03-06,Lackawanna,0.0,0.0
2020-03-06,Lancaster,0.0,0.0
2020-03-06,Lawrence,0.0,0.0
2020-03-06,Lebanon,0.0,0.0
2020-03-06,Lehigh,0.0,0.0
2020-03-06,Luzerne,0.0,0.0
2020-03-06,Lycoming,0.0,0.0
2020-03-06,Mckean,0.0,0.0
2020-03-06,Mercer,0.0,0.0
2020-03-06,Mifflin,0.0,0.0
2020-03-06,Monroe,0.0,0.0
2020-03-06,Montgomery,0.0,0.0
2020-03-06,Montour,0.0,0.0
2020-03-06,Northampton,0.0,0.0
2020-03-06,Northumberland,0.0,0.0
2020-03-06,Perry,0.0,0.0
2020-03-06,Philadelphia,0.0,0.0
2020-03-06,Pike,0.0,0.0
2020-03-06,Potter,0.0,0.0
2020-03-06,Schuylkill,0.0,0.0
2020-03-06,Snyder,0.0,0.0
2020-03-06,Somerset,0.0,0.0
2020-03-06,Sullivan,0.0,0.0
2020-03-06,Susquehanna,0.0,0.0
2020-03-06,Tioga,0.0,0.0
2020-03-06,Union,0.0,0.0
2020-03-06,Venango,0.0,0.0
2020-03-06,Warren,0.0,0.0
2020-03-06,Washington,0.0,0.0
2020-03-06,Wayne,1.0,0.0
2020-03-06,Westmoreland,0.0,0.0
2020-03-06,Wyoming,0.0,0.0
2020-03-06,York,0.0,0.0
2020-03-07,Adams,0.0,0.0
2020-03-07,Allegheny,0.0,0.0
2020-03-07,Armstrong,0.0,0.0
2020-03-07,Beaver,0.0,0.0
2020-03-07,Bedford,0.0,0.0
2020-03-07,Berks,0.0,0.0
2020-03-07,Blair,0.0,0.0
2020-03-07,Bradford,0.0,0.0
2020-03-07,Bucks,0.0,0.0
2020-03-07,Butler,0.0,0.0
2020-03-07,Cambria,0.0,0.0
2020-03-07,Cameron,0.0,0.0
2020-03-07,Carbon,0.0,0.0
2020-03-07,Centre,0.0,0.0
2020-03-07,Chester,0.0,0.0
2020-03-07,Clarion,0.0,0.0
2020-03-07,Clearfield,0.0,0.0
2020-03-07,Clinton,0.0,0.0
2020-03-07,Columbia,0.0,0.0
2020-03-07,Crawford,0.0,0.0
2020-03-07,Cumberland,0.0,0.0
2020-03-07,Dauphin,0.0,0.0
2020-03-07,Delaware,1.0,0.0
2020-03-07,Elk,0.0,0.0
2020-03-07,Erie,0.0,0.0
2020-03-07,Fayette,0.0,0.0
2020-03-07,Forest,0.0,0.0
2020-03-07,Franklin,0.0,0.0
2020-03-07,Fulton,0.0,0.0
2020-03-07,Greene,0.0,0.0
2020-03-07,Huntingdon,0.0,0.0
2020-03-07,Indiana,0.0,0.0
2020-03-07,Jefferson,0.0,0.0
2020-03-07,Juniata,0.0,0.0
2020-03-07,Lackawanna,0.0,0.0
2020-03-07,Lancaster,0.0,0.0
2020-03-07,Lawrence,0.0,0.0
2020-03-07,Lebanon,0.0,0.0
2020-03-07,Lehigh,0.0,0.0
2020-03-07,Luzerne,0.0,0.0
2020-03-07,Lycoming,0.0,0.0
2020-03-07,Mckean,0.0,0.0
2020-03-07,Mercer,0.0,0.0
2020-03-07,Mifflin,0.0,0.0
2020-03-07,Monroe,0.0,0.0
2020-03-07,Montgomery,2.0,0.0
2020-03-07,Montour,0.0,0.0
2020-03-07,Northampton,0.0,0.0
2020-03-07,Northumberland,0.0,0.0
2020-03-07,Perry,0.0,0.0
2020-03-07,Philadelphia,0.0,0.0
2020-03-07,Pike,0.0,0.0
2020-03-07,Potter,0.0,0.0
2020-03-07,Schuylkill,0.0,0.0
2020-03-07,Snyder,0.0,0.0
2020-03-07,Somerset,0.0,0.0
2020-03-07,Sullivan,0.0,0.0
2020-03-07,Susquehanna,0.0,0.0
2020-03-07,Tioga,0.0,0.0
2020-03-07,Union,0.0,0.0
2020-03-07,Venango,0.0,0.0
2020-03-07,Warren,0.0,0.0
2020-03-07,Washington,0.0,0.0
2020-03-07,Wayne,1.0,0.0
2020-03-07,Westmoreland,0.0,0.0
2020-03-07,Wyoming,0.0,0.0
2020-03-07,York,0.0,0.0
2020-03-08,Adams,0.0,0.0
2020-03-08,Allegheny,0.0,0.0
2020-03-08,Armstrong,0.0,0.0
2020-03-08,Beaver,0.0,0.0
2020-03-08,Bedford,0.0,0.0
2020-03-08,Berks,0.0,0.0
2020-03-08,Blair,0.0,0.0
2020-03-08,Bradford,0.0,0.0
2020-03-08,Bucks,0.0,0.0
2020-03-08,Butler,0.0,0.0
2020-03-08,Cambria,0.0,0.0
2020-03-08,Cameron,0.0,0.0
2020-03-08,Carbon,0.0,0.0
2020-03-08,Centre,0.0,0.0
2020-03-08,Chester,0.0,0.0
2020-03-08,Clarion,0.0,0.0
2020-03-08,Clearfield,0.0,0.0
2020-03-08,Clinton,0.0,0.0
2020-03-08,Columbia,0.0,0.0
2020-03-08,Crawford,0.0,0.0
2020-03-08,Cumberland,0.0,0.0
2020-03-08,Dauphin,0.0,0.0
2020-03-08,Delaware,1.0,0.0
2020-03-08,Elk,0.0,0.0
2020-03-08,Erie,0.0,0.0
2020-03-08,Fayette,0.0,0.0
2020-03-08,Forest,0.0,0.0
2020-03-08,Franklin,0.0,0.0
2020-03-08,Fulton,0.0,0.0
2020-03-08,Greene,0.0,0.0
2020-03-08,Huntingdon,0.0,0.0
2020-03-08,Indiana,0.0,0.0
2020-03-08,Jefferson,0.0,0.0
2020-03-08,Juniata,0.0,0.0
2020-03-08,Lackawanna,0.0,0.0
2020-03-08,Lancaster,0.0,0.0
2020-03-08,Lawrence,0.0,0.0
2020-03-08,Lebanon,0.0,0.0
2020-03-08,Lehigh,0.0,0.0
2020-03-08,Luzerne,0.0,0.0
2020-03-08,Lycoming,0.0,0.0
2020-03-08,Mckean,0.0,0.0
2020-03-08,Mercer,0.0,0.0
2020-03-08,Mifflin,0.0,0.0
2020-03-08,Monroe,0.0,0.0
2020-03-08,Montgomery,4.0,0.0
2020-03-08,Montour,0.0,0.0
2020-03-08,Northampton,0.0,0.0
2020-03-08,Northumberland,0.0,0.0
2020-03-08,Perry,0.0,0.0
2020-03-08,Philadelphia,0.0,0.0
2020-03-08,Pike,0.0,0.0
2020-03-08,Potter,0.0,0.0
2020-03-08,Schuylkill,0.0,0.0
2020-03-08,Snyder,0.0,0.0
2020-03-08,Somerset,0.0,0.0
2020-03-08,Sullivan,0.0,0.0
2020-03-08,Susquehanna,0.0,0.0
2020-03-08,Tioga,0.0,0.0
2020-03-08,Union,0.0,0.0
2020-03-08,Venango,0.0,0.0
2020-03-08,Warren,0.0,0.0
2020-03-08,Washington,0.0,0.0
2020-03-08,Wayne,1.0,0.0
2020-03-08,Westmoreland,0.0,0.0
2020-03-08,Wyoming,0.0,0.0
2020-03-08,York,0.0,0.0
2020-03-09,Adams,0.0,0.0
2020-03-09,Allegheny,0.0,0.0
2020-03-09,Armstrong,0.0,0.0
2020-03-09,Beaver,0.0,0.0
2020-03-09,Bedford,0.0,0.0
2020-03-09,Berks,0.0,0.0
2020-03-09,Blair,0.0,0.0
2020-03-09,Bradford,0.0,0.0
2020-03-09,Bucks,0.0,0.0
2020-03-09,Butler,0.0,0.0
2020-03-09,Cambria,0.0,0.0
2020-03-09,Cameron,0.0,0.0
2020-03-09,Carbon,0.0,0.0
2020-03-09,Centre,0.0,0.0
2020-03-09,Chester,0.0,0.0
2020-03-09,Clarion,0.0,0.0
2020-03-09,Clearfield,0.0,0.0
2020-03-09,Clinton,0.0,0.0
2020-03-09,Columbia,0.0,0.0
2020-03-09,Crawford,0.0,0.0
2020-03-09,Cumberland,0.0,0.0
2020-03-09,Dauphin,0.0,0.0
2020-03-09,Delaware,1.0,0.0
2020-03-09,Elk,0.0,0.0
2020-03-09,Erie,0.0,0.0
2020-03-09,Fayette,0.0,0.0
2020-03-09,Forest,0.0,0.0
2020-03-09,Franklin,0.0,0.0
2020-03-09,Fulton,0.0,0.0
2020-03-09,Greene,0.0,0.0
2020-03-09,Huntingdon,0.0,0.0
2020-03-09,Indiana,0.0,0.0
2020-03-09,Jefferson,0.0,0.0
2020-03-09,Juniata,0.0,0.0
2020-03-09,Lackawanna,0.0,0.0
2020-03-09,Lancaster,0.0,0.0
2020-03-09,Lawrence,0.0,0.0
2020-03-09,Lebanon,0.0,0.0
2020-03-09,Lehigh,0.0,0.0
2020-03-09,Luzerne,0.0,0.0
2020-03-09,Lycoming,0.0,0.0
2020-03-09,Mckean,0.0,0.0
2020-03-09,Mercer,0.0,0.0
2020-03-09,Mifflin,0.0,0.0
2020-03-09,Monroe,1.0,0.0
2020-03-09,Montgomery,7.0,0.0
2020-03-09,Montour,0.0,0.0
2020-03-09,Northampton,0.0,0.0
2020-03-09,Northumberland,0.0,0.0
2020-03-09,Perry,0.0,0.0
2020-03-09,Philadelphia,0.0,0.0
2020-03-09,Pike,0.0,0.0
2020-03-09,Potter,0.0,0.0
2020-03-09,Schuylkill,0.0,0.0
2020-03-09,Snyder,0.0,0.0
2020-03-09,Somerset,0.0,0.0
2020-03-09,Sullivan,0.0,0.0
2020-03-09,Susquehanna,0.0,0.0
2020-03-09,Tioga,0.0,0.0
2020-03-09,Union,0.0,0.0
2020-03-09,Venango,0.0,0.0
2020-03-09,Warren,0.0,0.0
2020-03-09,Washington,0.0,0.0
2020-03-09,Wayne,1.0,0.0
2020-03-09,Westmoreland,0.0,0.0
2020-03-09,Wyoming,0.0,0.0
2020-03-09,York,0.0,0.0
2020-03-10,Adams,0.0,0.0
2020-03-10,Allegheny,0.0,0.0
2020-03-10,Armstrong,0.0,0.0
2020-03-10,Beaver,0.0,0.0
2020-03-10,Bedford,0.0,0.0
2020-03-10,Berks,0.0,0.0
2020-03-10,Blair,0.0,0.0
2020-03-10,Bradford,0.0,0.0
2020-03-10,Bucks,0.0,0.0
2020-03-10,Butler,0.0,0.0
2020-03-10,Cambria,0.0,0.0
2020-03-10,Cameron,0.0,0.0
2020-03-10,Carbon,0.0,0.0
2020-03-10,Centre,0.0,0.0
2020-03-10,Chester,0.0,0.0
2020-03-10,Clarion,0.0,0.0
2020-03-10,Clearfield,0.0,0.0
2020-03-10,Clinton,0.0,0.0
2020-03-10,Columbia,0.0,0.0
2020-03-10,Crawford,0.0,0.0
2020-03-10,Cumberland,0.0,0.0
2020-03-10,Dauphin,0.0,0.0
2020-03-10,Delaware,1.0,0.0
2020-03-10,Elk,0.0,0.0
2020-03-10,Erie,0.0,0.0
2020-03-10,Fayette,0.0,0.0
2020-03-10,Forest,0.0,0.0
2020-03-10,Franklin,0.0,0.0
2020-03-10,Fulton,0.0,0.0
2020-03-10,Greene,0.0,0.0
2020-03-10,Huntingdon,0.0,0.0
2020-03-10,Indiana,0.0,0.0
2020-03-10,Jefferson,0.0,0.0
2020-03-10,Juniata,0.0,0.0
2020-03-10,Lackawanna,0.0,0.0
2020-03-10,Lancaster,0.0,0.0
2020-03-10,Lawrence,0.0,0.0
2020-03-10,Lebanon,0.0,0.0
2020-03-10,Lehigh,0.0,0.0
2020-03-10,Luzerne,0.0,0.0
2020-03-10,Lycoming,0.0,0.0
2020-03-10,Mckean,0.0,0.0
2020-03-10,Mercer,0.0,0.0
2020-03-10,Mifflin,0.0,0.0
2020-03-10,Monroe,1.0,0.0
2020-03-10,Montgomery,8.0,0.0
2020-03-10,Montour,0.0,0.0
2020-03-10,Northampton,0.0,0.0
2020-03-10,Northumberland,0.0,0.0
2020-03-10,Perry,0.0,0.0
2020-03-10,Philadelphia,1.0,0.0
2020-03-10,Pike,0.0,0.0
2020-03-10,Potter,0.0,0.0
2020-03-10,Schuylkill,0.0,0.0
2020-03-10,Snyder,0.0,0.0
2020-03-10,Somerset,0.0,0.0
2020-03-10,Sullivan,0.0,0.0
2020-03-10,Susquehanna,0.0,0.0
2020-03-10,Tioga,0.0,0.0
2020-03-10,Union,0.0,0.0
2020-03-10,Venango,0.0,0.0
2020-03-10,Warren,0.0,0.0
2020-03-10,Washington,0.0,0.0
2020-03-10,Wayne,1.0,0.0
2020-03-10,Westmoreland,0.0,0.0
2020-03-10,Wyoming,0.0,0.0
2020-03-10,York,0.0,0.0
2020-03-11,Adams,0.0,0.0
2020-03-11,Allegheny,0.0,0.0
2020-03-11,Armstrong,0.0,0.0
2020-03-11,Beaver,0.0,0.0
2020-03-11,Bedford,0.0,0.0
2020-03-11,Berks,0.0,0.0
2020-03-11,Blair,0.0,0.0
2020-03-11,Bradford,0.0,0.0
2020-03-11,Bucks,2.0,0.0
2020-03-11,Butler,0.0,0.0
2020-03-11,Cambria,0.0,0.0
2020-03-11,Cameron,0.0,0.0
2020-03-11,Carbon,0.0,0.0
2020-03-11,Centre,0.0,0.0
2020-03-11,Chester,0.0,0.0
2020-03-11,Clarion,0.0,0.0
2020-03-11,Clearfield,0.0,0.0
2020-03-11,Clinton,0.0,0.0
2020-03-11,Columbia,0.0,0.0
2020-03-11,Crawford,0.0,0.0
2020-03-11,Cumberland,0.0,0.0
2020-03-11,Dauphin,0.0,0.0
2020-03-11,Delaware,1.0,0.0
2020-03-11,Elk,0.0,0.0
2020-03-11,Erie,0.0,0.0
2020-03-11,Fayette,0.0,0.0
2020-03-11,Forest,0.0,0.0
2020-03-11,Franklin,0.0,0.0
2020-03-11,Fulton,0.0,0.0
2020-03-11,Greene,0.0,0.0
2020-03-11,Huntingdon,0.0,0.0
2020-03-11,Indiana,0.0,0.0
2020-03-11,Jefferson,0.0,0.0
2020-03-11,Juniata,0.0,0.0
2020-03-11,Lackawanna,0.0,0.0
2020-03-11,Lancaster,0.0,0.0
2020-03-11,Lawrence,0.0,0.0
2020-03-11,Lebanon,0.0,0.0
2020-03-11,Lehigh,0.0,0.0
2020-03-11,Luzerne,0.0,0.0
2020-03-11,Lycoming,0.0,0.0
2020-03-11,Mckean,0.0,0.0
2020-03-11,Mercer,0.0,0.0
2020-03-11,Mifflin,0.0,0.0
2020-03-11,Monroe,2.0,0.0
2020-03-11,Montgomery,9.0,0.0
2020-03-11,Montour,0.0,0.0
2020-03-11,Northampton,0.0,0.0
2020-03-11,Northumberland,0.0,0.0
2020-03-11,Perry,0.0,0.0
2020-03-11,Philadelphia,1.0,0.0
2020-03-11,Pike,0.0,0.0
2020-03-11,Potter,0.0,0.0
2020-03-11,Schuylkill,0.0,0.0
2020-03-11,Snyder,0.0,0.0
2020-03-11,Somerset,0.0,0.0
2020-03-11,Sullivan,0.0,0.0
2020-03-11,Susquehanna,0.0,0.0
2020-03-11,Tioga,0.0,0.0
2020-03-11,Union,0.0,0.0
2020-03-11,Venango,0.0,0.0
2020-03-11,Warren,0.0,0.0
2020-03-11,Washington,0.0,0.0
2020-03-11,Wayne,1.0,0.0
2020-03-11,Westmoreland,0.0,0.0
2020-03-11,Wyoming,0.0,0.0
2020-03-11,York,0.0,0.0
2020-03-12,Adams,0.0,0.0
2020-03-12,Allegheny,0.0,0.0
2020-03-12,Armstrong,0.0,0.0
2020-03-12,Beaver,0.0,0.0
2020-03-12,Bedford,0.0,0.0
2020-03-12,Berks,0.0,0.0
2020-03-12,Blair,0.0,0.0
2020-03-12,Bradford,0.0,0.0
2020-03-12,Bucks,2.0,0.0
2020-03-12,Butler,0.0,0.0
2020-03-12,Cambria,0.0,0.0
2020-03-12,Cameron,0.0,0.0
2020-03-12,Carbon,0.0,0.0
2020-03-12,Centre,0.0,0.0
2020-03-12,Chester,0.0,0.0
2020-03-12,Clarion,0.0,0.0
2020-03-12,Clearfield,0.0,0.0
2020-03-12,Clinton,0.0,0.0
2020-03-12,Columbia,0.0,0.0
2020-03-12,Crawford,0.0,0.0
2020-03-12,Cumberland,0.0,0.0
2020-03-12,Dauphin,0.0,0.0
2020-03-12,Delaware,1.0,0.0
2020-03-12,Elk,0.0,0.0
2020-03-12,Erie,0.0,0.0
2020-03-12,Fayette,0.0,0.0
2020-03-12,Forest,0.0,0.0
2020-03-12,Franklin,0.0,0.0
2020-03-12,Fulton,0.0,0.0
2020-03-12,Greene,0.0,0.0
2020-03-12,Huntingdon,0.0,0.0
2020-03-12,Indiana,0.0,0.0
2020-03-12,Jefferson,0.0,0.0
2020-03-12,Juniata,0.0,0.0
2020-03-12,Lackawanna,0.0,0.0
2020-03-12,Lancaster,0.0,0.0
2020-03-12,Lawrence,0.0,0.0
2020-03-12,Lebanon,0.0,0.0
2020-03-12,Lehigh,0.0,0.0
2020-03-12,Luzerne,0.0,0.0
2020-03-12,Lycoming,0.0,0.0
2020-03-12,Mckean,0.0,0.0
2020-03-12,Mercer,0.0,0.0
2020-03-12,Mifflin,0.0,0.0
2020-03-12,Monroe,2.0,0.0
2020-03-12,Montgomery,13.0,0.0
2020-03-12,Montour,0.0,0.0
2020-03-12,Northampton,1.0,0.0
2020-03-12,Northumberland,0.0,0.0
2020-03-12,Perry,0.0,0.0
2020-03-12,Philadelphia,1.0,0.0
2020-03-12,Pike,1.0,0.0
2020-03-12,Potter,0.0,0.0
2020-03-12,Schuylkill,0.0,0.0
2020-03-12,Snyder,0.0,0.0
2020-03-12,Somerset,0.0,0.0
2020-03-12,Sullivan,0.0,0.0
2020-03-12,Susquehanna,0.0,0.0
2020-03-12,Tioga,0.0,0.0
2020-03-12,Union,0.0,0.0
2020-03-12,Venango,0.0,0.0
2020-03-12,Warren,0.0,0.0
2020-03-12,Washington,0.0,0.0
2020-03-12,Wayne,1.0,0.0
2020-03-12,Westmoreland,0.0,0.0
2020-03-12,Wyoming,0.0,0.0
2020-03-12,York,0.0,0.0
2020-03-13,Adams,0.0,0.0
2020-03-13,Allegheny,0.0,0.0
2020-03-13,Armstrong,0.0,0.0
2020-03-13,Beaver,0.0,0.0
2020-03-13,Bedford,0.0,0.0
2020-03-13,Berks,0.0,0.0
2020-03-13,Blair,0.0,0.0
2020-03-13,Bradford,0.0,0.0
2020-03-13,Bucks,3.0,0.0
2020-03-13,Butler,0.0,0.0
2020-03-13,Cambria,0.0,0.0
2020-03-13,Cameron,0.0,0.0
2020-03-13,Carbon,0.0,0.0
2020-03-13,Centre,0.0,0.0
2020-03-13,Chester,1.0,0.0
2020-03-13,Clarion,0.0,0.0
2020-03-13,Clearfield,0.0,0.0
2020-03-13,Clinton,0.0,0.0
2020-03-13,Columbia,0.0,0.0
2020-03-13,Crawford,0.0,0.0
2020-03-13,Cumberland,3.0,0.0
2020-03-13,Dauphin,0.0,0.0
2020-03-13,Delaware,6.0,0.0
2020-03-13,Elk,0.0,0.0
2020-03-13,Erie,0.0,0.0
2020-03-13,Fayette,0.0,0.0
2020-03-13,Forest,0.0,0.0
2020-03-13,Franklin,0.0,0.0
2020-03-13,Fulton,0.0,0.0
2020-03-13,Greene,0.0,0.0
2020-03-13,Huntingdon,0.0,0.0
2020-03-13,Indiana,0.0,0.0
2020-03-13,Jefferson,0.0,0.0
2020-03-13,Juniata,0.0,0.0
2020-03-13,Lackawanna,0.0,0.0
2020-03-13,Lancaster,0.0,0.0
2020-03-13,Lawrence,0.0,0.0
2020-03-13,Lebanon,0.0,0.0
2020-03-13,Lehigh,0.0,0.0
2020-03-13,Luzerne,0.0,0.0
2020-03-13,Lycoming,0.0,0.0
2020-03-13,Mckean,0.0,0.0
2020-03-13,Mercer,0.0,0.0
2020-03-13,Mifflin,0.0,0.0
2020-03-13,Monroe,3.0,0.0
2020-03-13,Montgomery,18.0,0.0
2020-03-13,Montour,0.0,0.0
2020-03-13,Northampton,1.0,0.0
2020-03-13,Northumberland,0.0,0.0
2020-03-13,Perry,0.0,0.0
2020-03-13,Philadelphia,3.0,0.0
2020-03-13,Pike,1.0,0.0
2020-03-13,Potter,0.0,0.0
2020-03-13,Schuylkill,0.0,0.0
2020-03-13,Snyder,0.0,0.0
2020-03-13,Somerset,0.0,0.0
2020-03-13,Sullivan,0.0,0.0
2020-03-13,Susquehanna,0.0,0.0
2020-03-13,Tioga,0.0,0.0
2020-03-13,Union,0.0,0.0
2020-03-13,Venango,0.0,0.0
2020-03-13,Warren,0.0,0.0
2020-03-13,Washington,1.0,0.0
2020-03-13,Wayne,1.0,0.0
2020-03-13,Westmoreland,0.0,0.0
2020-03-13,Wyoming,0.0,0.0
2020-03-13,York,0.0,0.0
2020-03-14,Adams,0.0,0.0
2020-03-14,Allegheny,0.0,0.0
2020-03-14,Armstrong,0.0,0.0
2020-03-14,Beaver,0.0,0.0
2020-03-14,Bedford,0.0,0.0
2020-03-14,Berks,0.0,0.0
2020-03-14,Blair,0.0,0.0
2020-03-14,Bradford,0.0,0.0
2020-03-14,Bucks,0.0,0.0
2020-03-14,Butler,0.0,0.0
2020-03-14,Cambria,0.0,0.0
2020-03-14,Cameron,0.0,0.0
2020-03-14,Carbon,0.0,0.0
2020-03-14,Centre,0.0,0.0
2020-03-14,Chester,0.0,0.0
2020-03-14,Clarion,0.0,0.0
2020-03-14,Clearfield,0.0,0.0
2020-03-14,Clinton,0.0,0.0
2020-03-14,Columbia,0.0,0.0
2020-03-14,Crawford,0.0,0.0
2020-03-14,Cumberland,0.0,0.0
2020-03-14,Dauphin,0.0,0.0
2020-03-14,Delaware,0.0,0.0
2020-03-14,Elk,0.0,0.0
2020-03-14,Erie,0.0,0.0
2020-03-14,Fayette,0.0,0.0
2020-03-14,Forest,0.0,0.0
2020-03-14,Franklin,0.0,0.0
2020-03-14,Fulton,0.0,0.0
2020-03-14,Greene,0.0,0.0
2020-03-14,Huntingdon,0.0,0.0
2020-03-14,Indiana,0.0,0.0
2020-03-14,Jefferson,0.0,0.0
2020-03-14,Juniata,0.0,0.0
2020-03-14,Lackawanna,0.0,0.0
2020-03-14,Lancaster,0.0,0.0
2020-03-14,Lawrence,0.0,0.0
2020-03-14,Lebanon,0.0,0.0
2020-03-14,Lehigh,0.0,0.0
2020-03-14,Luzerne,0.0,0.0
2020-03-14,Lycoming,0.0,0.0
2020-03-14,Mckean,0.0,0.0
2020-03-14,Mercer,0.0,0.0
2020-03-14,Mifflin,0.0,0.0
2020-03-14,Monroe,0.0,0.0
2020-03-14,Montgomery,0.0,0.0
2020-03-14,Montour,0.0,0.0
2020-03-14,Northampton,0.0,0.0
2020-03-14,Northumberland,0.0,0.0
2020-03-14,Perry,0.0,0.0
2020-03-14,Philadelphia,0.0,0.0
2020-03-14,Pike,0.0,0.0
2020-03-14,Potter,0.0,0.0
2020-03-14,Schuylkill,0.0,0.0
2020-03-14,Snyder,0.0,0.0
2020-03-14,Somerset,0.0,0.0
2020-03-14,Sullivan,0.0,0.0
2020-03-14,Susquehanna,0.0,0.0
2020-03-14,Tioga,0.0,0.0
2020-03-14,Union,0.0,0.0
2020-03-14,Venango,0.0,0.0
2020-03-14,Warren,0.0,0.0
2020-03-14,Washington,0.0,0.0
2020-03-14,Wayne,0.0,0.0
2020-03-14,Westmoreland,0.0,0.0
2020-03-14,Wyoming,0.0,0.0
2020-03-14,York,0.0,0.0
2020-03-15,Adams,0.0,0.0
2020-03-15,Allegheny,3.0,0.0
2020-03-15,Armstrong,0.0,0.0
2020-03-15,Beaver,0.0,0.0
2020-03-15,Bedford,0.0,0.0
2020-03-15,Berks,0.0,0.0
2020-03-15,Blair,0.0,0.0
2020-03-15,Bradford,0.0,0.0
2020-03-15,Bucks,4.0,0.0
2020-03-15,Butler,0.0,0.0
2020-03-15,Cambria,0.0,0.0
2020-03-15,Cameron,0.0,0.0
2020-03-15,Carbon,0.0,0.0
2020-03-15,Centre,0.0,0.0
2020-03-15,Chester,2.0,0.0
2020-03-15,Clarion,0.0,0.0
2020-03-15,Clearfield,0.0,0.0
2020-03-15,Clinton,0.0,0.0
2020-03-15,Columbia,0.0,0.0
2020-03-15,Crawford,0.0,0.0
2020-03-15,Cumberland,5.0,0.0
2020-03-15,Dauphin,0.0,0.0
2020-03-15,Delaware,7.0,0.0
2020-03-15,Elk,0.0,0.0
2020-03-15,Erie,0.0,0.0
2020-03-15,Fayette,0.0,0.0
2020-03-15,Forest,0.0,0.0
2020-03-15,Franklin,0.0,0.0
2020-03-15,Fulton,0.0,0.0
2020-03-15,Greene,0.0,0.0
2020-03-15,Huntingdon,0.0,0.0
2020-03-15,Indiana,0.0,0.0
2020-03-15,Jefferson,0.0,0.0
2020-03-15,Juniata,0.0,0.0
2020-03-15,Lackawanna,0.0,0.0
2020-03-15,Lancaster,0.0,0.0
2020-03-15,Lawrence,0.0,0.0
2020-03-15,Lebanon,0.0,0.0
2020-03-15,Lehigh,0.0,0.0
2020-03-15,Luzerne,0.0,0.0
2020-03-15,Lycoming,0.0,0.0
2020-03-15,Mckean,0.0,0.0
2020-03-15,Mercer,0.0,0.0
2020-03-15,Mifflin,0.0,0.0
2020-03-15,Monroe,6.0,0.0
2020-03-15,Montgomery,24.0,0.0
2020-03-15,Montour,0.0,0.0
2020-03-15,Northampton,1.0,0.0
2020-03-15,Northumberland,0.0,0.0
2020-03-15,Perry,0.0,0.0
2020-03-15,Philadelphia,6.0,0.0
2020-03-15,Pike,1.0,0.0
2020-03-15,Potter,0.0,0.0
2020-03-15,Schuylkill,0.0,0.0
2020-03-15,Snyder,0.0,0.0
2020-03-15,Somerset,0.0,0.0
2020-03-15,Sullivan,0.0,0.0
2020-03-15,Susquehanna,0.0,0.0
2020-03-15,Tioga,0.0,0.0
2020-03-15,Union,0.0,0.0
2020-03-15,Venango,0.0,0.0
2020-03-15,Warren,0.0,0.0
2020-03-15,Washington,1.0,0.0
2020-03-15,Wayne,1.0,0.0
2020-03-15,Westmoreland,0.0,0.0
2020-03-15,Wyoming,0.0,0.0
2020-03-15,York,0.0,0.0
2020-03-16,Adams,0.0,0.0
2020-03-16,Allegheny,5.0,0.0
2020-03-16,Armstrong,0.0,0.0
2020-03-16,Beaver,0.0,0.0
2020-03-16,Bedford,0.0,0.0
2020-03-16,Berks,0.0,0.0
2020-03-16,Blair,0.0,0.0
2020-03-16,Bradford,0.0,0.0
2020-03-16,Bucks,5.0,0.0
2020-03-16,Butler,0.0,0.0
2020-03-16,Cambria,0.0,0.0
2020-03-16,Cameron,0.0,0.0
2020-03-16,Carbon,0.0,0.0
2020-03-16,Centre,0.0,0.0
2020-03-16,Chester,2.0,0.0
2020-03-16,Clarion,0.0,0.0
2020-03-16,Clearfield,0.0,0.0
2020-03-16,Clinton,0.0,0.0
2020-03-16,Columbia,0.0,0.0
2020-03-16,Crawford,0.0,0.0
2020-03-16,Cumberland,5.0,0.0
2020-03-16,Dauphin,0.0,0.0
2020-03-16,Delaware,7.0,0.0
2020-03-16,Elk,0.0,0.0
2020-03-16,Erie,0.0,0.0
2020-03-16,Fayette,0.0,0.0
2020-03-16,Forest,0.0,0.0
2020-03-16,Franklin,0.0,0.0
2020-03-16,Fulton,0.0,0.0
2020-03-16,Greene,0.0,0.0
2020-03-16,Huntingdon,0.0,0.0
2020-03-16,Indiana,0.0,0.0
2020-03-16,Jefferson,0.0,0.0
2020-03-16,Juniata,0.0,0.0
2020-03-16,Lackawanna,0.0,0.0
2020-03-16,Lancaster,0.0,0.0
2020-03-16,Lawrence,0.0,0.0
2020-03-16,Lebanon,0.0,0.0
2020-03-16,Lehigh,1.0,0.0
2020-03-16,Luzerne,1.0,0.0
2020-03-16,Lycoming,0.0,0.0
2020-03-16,Mckean,0.0,0.0
2020-03-16,Mercer,0.0,0.0
2020-03-16,Mifflin,0.0,0.0
2020-03-16,Monroe,8.0,0.0
2020-03-16,Montgomery,30.0,0.0
2020-03-16,Montour,0.0,0.0
2020-03-16,Northampton,1.0,0.0
2020-03-16,Northumberland,0.0,0.0
2020-03-16,Perry,0.0,0.0
2020-03-16,Philadelphia,8.0,0.0
2020-03-16,Pike,1.0,0.0
2020-03-16,Potter,0.0,0.0
2020-03-16,Schuylkill,0.0,0.0
2020-03-16,Snyder,0.0,0.0
2020-03-16,Somerset,0.0,0.0
2020-03-16,Sullivan,0.0,0.0
2020-03-16,Susquehanna,0.0,0.0
2020-03-16,Tioga,0.0,0.0
2020-03-16,Union,0.0,0.0
2020-03-16,Venango,0.0,0.0
2020-03-16,Warren,0.0,0.0
2020-03-16,Washington,1.0,0.0
2020-03-16,Wayne,1.0,0.0
2020-03-16,Westmoreland,0.0,0.0
2020-03-16,Wyoming,0.0,0.0
2020-03-16,York,0.0,0.0
2020-03-17,Adams,0.0,0.0
2020-03-17,Allegheny,7.0,0.0
2020-03-17,Armstrong,0.0,0.0
2020-03-17,Beaver,1.0,0.0
2020-03-17,Bedford,0.0,0.0
2020-03-17,Berks,0.0,0.0
2020-03-17,Blair,0.0,0.0
2020-03-17,Bradford,0.0,0.0
2020-03-17,Bucks,8.0,0.0
2020-03-17,Butler,0.0,0.0
2020-03-17,Cambria,0.0,0.0
2020-03-17,Cameron,0.0,0.0
2020-03-17,Carbon,0.0,0.0
2020-03-17,Centre,0.0,0.0
2020-03-17,Chester,4.0,0.0
2020-03-17,Clarion,0.0,0.0
2020-03-17,Clearfield,0.0,0.0
2020-03-17,Clinton,0.0,0.0
2020-03-17,Columbia,0.0,0.0
2020-03-17,Crawford,0.0,0.0
2020-03-17,Cumberland,10.0,0.0
2020-03-17,Dauphin,0.0,0.0
2020-03-17,Delaware,9.0,0.0
2020-03-17,Elk,0.0,0.0
2020-03-17,Erie,0.0,0.0
2020-03-17,Fayette,0.0,0.0
2020-03-17,Forest,0.0,0.0
2020-03-17,Franklin,0.0,0.0
2020-03-17,Fulton,0.0,0.0
2020-03-17,Greene,0.0,0.0
2020-03-17,Huntingdon,0.0,0.0
2020-03-17,Indiana,0.0,0.0
2020-03-17,Jefferson,0.0,0.0
2020-03-17,Juniata,0.0,0.0
2020-03-17,Lackawanna,0.0,0.0
2020-03-17,Lancaster,0.0,0.0
2020-03-17,Lawrence,0.0,0.0
2020-03-17,Lebanon,0.0,0.0
2020-03-17,Lehigh,1.0,0.0
2020-03-17,Luzerne,1.0,0.0
2020-03-17,Lycoming,0.0,0.0
2020-03-17,Mckean,0.0,0.0
2020-03-17,Mercer,0.0,0.0
2020-03-17,Mifflin,0.0,0.0
2020-03-17,Monroe,8.0,0.0
2020-03-17,Montgomery,32.0,0.0
2020-03-17,Montour,0.0,0.0
2020-03-17,Northampton,1.0,0.0
2020-03-17,Northumberland,0.0,0.0
2020-03-17,Perry,0.0,0.0
2020-03-17,Philadelphia,10.0,0.0
2020-03-17,Pike,1.0,0.0
2020-03-17,Potter,0.0,0.0
2020-03-17,Schuylkill,0.0,0.0
2020-03-17,Snyder,0.0,0.0
2020-03-17,Somerset,0.0,0.0
2020-03-17,Sullivan,0.0,0.0
2020-03-17,Susquehanna,0.0,0.0
2020-03-17,Tioga,0.0,0.0
2020-03-17,Union,0.0,0.0
2020-03-17,Venango,0.0,0.0
2020-03-17,Warren,0.0,0.0
2020-03-17,Washington,2.0,0.0
2020-03-17,Wayne,1.0,0.0
2020-03-17,Westmoreland,0.0,0.0
2020-03-17,Wyoming,0.0,0.0
2020-03-17,York,0.0,0.0
2020-03-18,Adams,0.0,0.0
2020-03-18,Allegheny,11.0,0.0
2020-03-18,Armstrong,0.0,0.0
2020-03-18,Beaver,2.0,0.0
2020-03-18,Bedford,0.0,0.0
2020-03-18,Berks,1.0,0.0
2020-03-18,Blair,0.0,0.0
2020-03-18,Bradford,0.0,0.0
2020-03-18,Bucks,9.0,0.0
2020-03-18,Butler,0.0,0.0
2020-03-18,Cambria,0.0,0.0
2020-03-18,Cameron,0.0,0.0
2020-03-18,Carbon,0.0,0.0
2020-03-18,Centre,0.0,0.0
2020-03-18,Chester,9.0,0.0
2020-03-18,Clarion,0.0,0.0
2020-03-18,Clearfield,0.0,0.0
2020-03-18,Clinton,0.0,0.0
2020-03-18,Columbia,0.0,0.0
2020-03-18,Crawford,0.0,0.0
2020-03-18,Cumberland,10.0,0.0
2020-03-18,Dauphin,0.0,0.0
2020-03-18,Delaware,14.0,0.0
2020-03-18,Elk,0.0,0.0
2020-03-18,Erie,0.0,0.0
2020-03-18,Fayette,0.0,0.0
2020-03-18,Forest,0.0,0.0
2020-03-18,Franklin,0.0,0.0
2020-03-18,Fulton,0.0,0.0
2020-03-18,Greene,0.0,0.0
2020-03-18,Huntingdon,0.0,0.0
2020-03-18,Indiana,0.0,0.0
2020-03-18,Jefferson,0.0,0.0
2020-03-18,Juniata,0.0,0.0
2020-03-18,Lackawanna,1.0,0.0
2020-03-18,Lancaster,0.0,0.0
2020-03-18,Lawrence,0.0,0.0
2020-03-18,Lebanon,0.0,0.0
2020-03-18,Lehigh,1.0,0.0
2020-03-18,Luzerne,1.0,0.0
2020-03-18,Lycoming,0.0,0.0
2020-03-18,Mckean,0.0,0.0
2020-03-18,Mercer,0.0,0.0
2020-03-18,Mifflin,0.0,0.0
2020-03-18,Monroe,7.0,0.0
2020-03-18,Montgomery,42.0,0.0
2020-03-18,Montour,0.0,0.0
2020-03-18,Northampton,1.0,1.0
2020-03-18,Northumberland,0.0,0.0
2020-03-18,Perry,0.0,0.0
2020-03-18,Philadelphia,17.0,0.0
2020-03-18,Pike,2.0,0.0
2020-03-18,Potter,0.0,0.0
2020-03-18,Schuylkill,0.0,0.0
2020-03-18,Snyder,0.0,0.0
2020-03-18,Somerset,0.0,0.0
2020-03-18,Sullivan,0.0,0.0
2020-03-18,Susquehanna,0.0,0.0
2020-03-18,Tioga,0.0,0.0
2020-03-18,Union,0.0,0.0
2020-03-18,Venango,0.0,0.0
2020-03-18,Warren,0.0,0.0
2020-03-18,Washington,2.0,0.0
2020-03-18,Wayne,1.0,0.0
2020-03-18,Westmoreland,0.0,0.0
2020-03-18,Wyoming,0.0,0.0
2020-03-18,York,2.0,0.0
2020-03-19,Adams,1.0,0.0
2020-03-19,Allegheny,16.0,0.0
2020-03-19,Armstrong,0.0,0.0
2020-03-19,Beaver,2.0,0.0
2020-03-19,Bedford,0.0,0.0
2020-03-19,Berks,1.0,0.0
2020-03-19,Blair,0.0,0.0
2020-03-19,Bradford,0.0,0.0
2020-03-19,Bucks,12.0,0.0
2020-03-19,Butler,0.0,0.0
2020-03-19,Cambria,0.0,0.0
2020-03-19,Cameron,0.0,0.0
2020-03-19,Carbon,0.0,0.0
2020-03-19,Centre,0.0,0.0
2020-03-19,Chester,10.0,0.0
2020-03-19,Clarion,0.0,0.0
2020-03-19,Clearfield,0.0,0.0
2020-03-19,Clinton,0.0,0.0
2020-03-19,Columbia,0.0,0.0
2020-03-19,Crawford,0.0,0.0
2020-03-19,Cumberland,11.0,0.0
2020-03-19,Dauphin,0.0,0.0
2020-03-19,Delaware,14.0,0.0
2020-03-19,Elk,0.0,0.0
2020-03-19,Erie,0.0,0.0
2020-03-19,Fayette,0.0,0.0
2020-03-19,Forest,0.0,0.0
2020-03-19,Franklin,0.0,0.0
2020-03-19,Fulton,0.0,0.0
2020-03-19,Greene,0.0,0.0
2020-03-19,Huntingdon,0.0,0.0
2020-03-19,Indiana,0.0,0.0
2020-03-19,Jefferson,0.0,0.0
2020-03-19,Juniata,0.0,0.0
2020-03-19,Lackawanna,2.0,0.0
2020-03-19,Lancaster,2.0,0.0
2020-03-19,Lawrence,0.0,0.0
2020-03-19,Lebanon,1.0,0.0
2020-03-19,Lehigh,1.0,0.0
2020-03-19,Luzerne,1.0,0.0
2020-03-19,Lycoming,0.0,0.0
2020-03-19,Mckean,0.0,0.0
2020-03-19,Mercer,0.0,0.0
2020-03-19,Mifflin,0.0,0.0
2020-03-19,Monroe,15.0,0.0
2020-03-19,Montgomery,47.0,0.0
2020-03-19,Montour,0.0,0.0
2020-03-19,Northampton,5.0,1.0
2020-03-19,Northumberland,0.0,0.0
2020-03-19,Perry,0.0,0.0
2020-03-19,Philadelphia,33.0,0.0
2020-03-19,Pike,3.0,0.0
2020-03-19,Potter,0.0,0.0
2020-03-19,Schuylkill,0.0,0.0
2020-03-19,Snyder,0.0,0.0
2020-03-19,Somerset,0.0,0.0
2020-03-19,Sullivan,0.0,0.0
2020-03-19,Susquehanna,0.0,0.0
2020-03-19,Tioga,0.0,0.0
2020-03-19,Union,0.0,0.0
2020-03-19,Venango,0.0,0.0
2020-03-19,Warren,0.0,0.0
2020-03-19,Washington,3.0,0.0
2020-03-19,Wayne,1.0,0.0
2020-03-19,Westmoreland,2.0,0.0
2020-03-19,Wyoming,0.0,0.0
2020-03-19,York,2.0,0.0
2020-03-20,Adams,4.0,0.0
2020-03-20,Allegheny,28.0,0.0
2020-03-20,Armstrong,0.0,0.0
2020-03-20,Beaver,3.0,0.0
2020-03-20,Bedford,0.0,0.0
2020-03-20,Berks,5.0,0.0
2020-03-20,Blair,0.0,0.0
2020-03-20,Bradford,0.0,0.0
2020-03-20,Bucks,16.0,0.0
2020-03-20,Butler,0.0,0.0
2020-03-20,Cambria,0.0,0.0
2020-03-20,Cameron,0.0,0.0
2020-03-20,Carbon,0.0,0.0
2020-03-20,Centre,1.0,0.0
2020-03-20,Chester,17.0,0.0
2020-03-20,Clarion,0.0,0.0
2020-03-20,Clearfield,0.0,0.0
2020-03-20,Clinton,0.0,0.0
2020-03-20,Columbia,0.0,0.0
2020-03-20,Crawford,0.0,0.0
2020-03-20,Cumberland,11.0,0.0
2020-03-20,Dauphin,0.0,0.0
2020-03-20,Delaware,23.0,0.0
2020-03-20,Elk,0.0,0.0
2020-03-20,Erie,1.0,0.0
2020-03-20,Fayette,0.0,0.0
2020-03-20,Forest,0.0,0.0
2020-03-20,Franklin,1.0,0.0
2020-03-20,Fulton,0.0,0.0
2020-03-20,Greene,0.0,0.0
2020-03-20,Huntingdon,0.0,0.0
2020-03-20,Indiana,0.0,0.0
2020-03-20,Jefferson,0.0,0.0
2020-03-20,Juniata,0.0,0.0
2020-03-20,Lackawanna,4.0,0.0
2020-03-20,Lancaster,2.0,0.0
2020-03-20,Lawrence,0.0,0.0
2020-03-20,Lebanon,1.0,0.0
2020-03-20,Lehigh,2.0,0.0
2020-03-20,Luzerne,2.0,0.0
2020-03-20,Lycoming,0.0,0.0
2020-03-20,Mckean,0.0,0.0
2020-03-20,Mercer,0.0,0.0
2020-03-20,Mifflin,0.0,0.0
2020-03-20,Monroe,19.0,0.0
2020-03-20,Montgomery,59.0,0.0
2020-03-20,Montour,0.0,0.0
2020-03-20,Northampton,1.0,1.0
2020-03-20,Northumberland,0.0,0.0
2020-03-20,Perry,0.0,0.0
2020-03-20,Philadelphia,42.0,0.0
2020-03-20,Pike,2.0,0.0
2020-03-20,Potter,1.0,0.0
2020-03-20,Schuylkill,0.0,0.0
2020-03-20,Snyder,0.0,0.0
2020-03-20,Somerset,0.0,0.0
2020-03-20,Sullivan,0.0,0.0
2020-03-20,Susquehanna,0.0,0.0
2020-03-20,Tioga,0.0,0.0
2020-03-20,Union,0.0,0.0
2020-03-20,Venango,0.0,0.0
2020-03-20,Warren,0.0,0.0
2020-03-20,Washington,3.0,0.0
2020-03-20,Wayne,1.0,0.0
2020-03-20,Westmoreland,4.0,0.0
2020-03-20,Wyoming,0.0,0.0
2020-03-20,York,6.0,0.0
2020-03-21,Adams,4.0,0.0
2020-03-21,Allegheny,31.0,1.0
2020-03-21,Armstrong,0.0,0.0
2020-03-21,Beaver,3.0,0.0
2020-03-21,Bedford,0.0,0.0
2020-03-21,Berks,7.0,0.0
2020-03-21,Blair,0.0,0.0
2020-03-21,Bradford,0.0,0.0
2020-03-21,Bucks,24.0,0.0
2020-03-21,Butler,1.0,0.0
2020-03-21,Cambria,0.0,0.0
2020-03-21,Cameron,0.0,0.0
2020-03-21,Carbon,0.0,0.0
2020-03-21,Centre,1.0,0.0
2020-03-21,Chester,19.0,0.0
2020-03-21,Clarion,0.0,0.0
2020-03-21,Clearfield,0.0,0.0
2020-03-21,Clinton,0.0,0.0
2020-03-21,Columbia,0.0,0.0
2020-03-21,Crawford,0.0,0.0
2020-03-21,Cumberland,11.0,0.0
2020-03-21,Dauphin,0.0,0.0
2020-03-21,Delaware,33.0,0.0
2020-03-21,Elk,0.0,0.0
2020-03-21,Erie,1.0,0.0
2020-03-21,Fayette,0.0,0.0
2020-03-21,Forest,0.0,0.0
2020-03-21,Franklin,1.0,0.0
2020-03-21,Fulton,0.0,0.0
2020-03-21,Greene,0.0,0.0
2020-03-21,Huntingdon,0.0,0.0
2020-03-21,Indiana,0.0,0.0
2020-03-21,Jefferson,0.0,0.0
2020-03-21,Juniata,0.0,0.0
2020-03-21,Lackawanna,5.0,0.0
2020-03-21,Lancaster,4.0,0.0
2020-03-21,Lawrence,0.0,0.0
2020-03-21,Lebanon,2.0,0.0
2020-03-21,Lehigh,13.0,0.0
2020-03-21,Luzerne,6.0,0.0
2020-03-21,Lycoming,0.0,0.0
2020-03-21,Mckean,0.0,0.0
2020-03-21,Mercer,0.0,0.0
2020-03-21,Mifflin,0.0,0.0
2020-03-21,Monroe,25.0,0.0
2020-03-21,Montgomery,71.0,0.0
2020-03-21,Montour,1.0,0.0
2020-03-21,Northampton,17.0,1.0
2020-03-21,Northumberland,0.0,0.0
2020-03-21,Perry,0.0,0.0
2020-03-21,Philadelphia,69.0,0.0
2020-03-21,Pike,2.0,0.0
2020-03-21,Potter,1.0,0.0
2020-03-21,Schuylkill,0.0,0.0
2020-03-21,Snyder,0.0,0.0
2020-03-21,Somerset,0.0,0.0
2020-03-21,Sullivan,0.0,0.0
2020-03-21,Susquehanna,0.0,0.0
2020-03-21,Tioga,0.0,0.0
2020-03-21,Union,0.0,0.0
2020-03-21,Venango,0.0,0.0
2020-03-21,Warren,0.0,0.0
2020-03-21,Washington,5.0,0.0
2020-03-21,Wayne,1.0,0.0
2020-03-21,Westmoreland,4.0,0.0
2020-03-21,Wyoming,0.0,0.0
2020-03-21,York,9.0,0.0
2020-03-22,Adams,5.0,0.0
2020-03-22,Allegheny,40.0,1.0
2020-03-22,Armstrong,0.0,0.0
2020-03-22,Beaver,3.0,0.0
2020-03-22,Bedford,0.0,0.0
2020-03-22,Berks,13.0,0.0
2020-03-22,Blair,0.0,0.0
2020-03-22,Bradford,0.0,0.0
2020-03-22,Bucks,32.0,0.0
2020-03-22,Butler,1.0,0.0
2020-03-22,Cambria,0.0,0.0
2020-03-22,Cameron,0.0,0.0
2020-03-22,Carbon,0.0,0.0
2020-03-22,Centre,1.0,0.0
2020-03-22,Chester,23.0,0.0
2020-03-22,Clarion,0.0,0.0
2020-03-22,Clearfield,0.0,0.0
2020-03-22,Clinton,0.0,0.0
2020-03-22,Columbia,1.0,0.0
2020-03-22,Crawford,0.0,0.0
2020-03-22,Cumberland,11.0,0.0
2020-03-22,Dauphin,1.0,0.0
2020-03-22,Delaware,43.0,0.0
2020-03-22,Elk,2.0,0.0
2020-03-22,Erie,0.0,0.0
2020-03-22,Fayette,1.0,0.0
2020-03-22,Forest,0.0,0.0
2020-03-22,Franklin,1.0,0.0
2020-03-22,Fulton,0.0,0.0
2020-03-22,Greene,0.0,0.0
2020-03-22,Huntingdon,0.0,0.0
2020-03-22,Indiana,0.0,0.0
2020-03-22,Jefferson,0.0,0.0
2020-03-22,Juniata,0.0,0.0
2020-03-22,Lackawanna,6.0,0.0
2020-03-22,Lancaster,6.0,0.0
2020-03-22,Lawrence,0.0,0.0
2020-03-22,Lebanon,3.0,0.0
2020-03-22,Lehigh,19.0,0.0
2020-03-22,Luzerne,7.0,0.0
2020-03-22,Lycoming,0.0,0.0
2020-03-22,Mckean,0.0,0.0
2020-03-22,Mercer,1.0,0.0
2020-03-22,Mifflin,0.0,0.0
2020-03-22,Monroe,31.0,0.0
2020-03-22,Montgomery,87.0,0.0
2020-03-22,Montour,1.0,0.0
2020-03-22,Northampton,21.0,1.0
2020-03-22,Northumberland,0.0,0.0
2020-03-22,Perry,0.0,0.0
2020-03-22,Philadelphia,91.0,0.0
2020-03-22,Pike,3.0,0.0
2020-03-22,Potter,1.0,0.0
2020-03-22,Schuylkill,1.0,0.0
2020-03-22,Snyder,0.0,0.0
2020-03-22,Somerset,0.0,0.0
2020-03-22,Sullivan,0.0,0.0
2020-03-22,Susquehanna,0.0,0.0
2020-03-22,Tioga,0.0,0.0
2020-03-22,Union,0.0,0.0
2020-03-22,Venango,0.0,0.0
2020-03-22,Warren,0.0,0.0
2020-03-22,Washington,7.0,0.0
2020-03-22,Wayne,2.0,0.0
2020-03-22,Westmoreland,4.0,0.0
2020-03-22,Wyoming,0.0,0.0
2020-03-22,York,10.0,0.0
2020-03-23,Adams,6.0,0.0
2020-03-23,Allegheny,84.0,1.0
2020-03-23,Armstrong,0.0,0.0
2020-03-23,Beaver,3.0,0.0
2020-03-23,Bedford,0.0,0.0
2020-03-23,Berks,14.0,0.0
2020-03-23,Blair,0.0,0.0
2020-03-23,Bradford,0.0,0.0
2020-03-23,Bucks,43.0,0.0
2020-03-23,Butler,5.0,0.0
2020-03-23,Cambria,1.0,0.0
2020-03-23,Cameron,0.0,0.0
2020-03-23,Carbon,0.0,0.0
2020-03-23,Centre,0.0,0.0
2020-03-23,Chester,40.0,0.0
2020-03-23,Clarion,0.0,0.0
2020-03-23,Clearfield,0.0,0.0
2020-03-23,Clinton,0.0,0.0
2020-03-23,Columbia,1.0,0.0
2020-03-23,Crawford,0.0,0.0
2020-03-23,Cumberland,12.0,0.0
2020-03-23,Dauphin,1.0,0.0
2020-03-23,Delaware,54.0,0.0
2020-03-23,Elk,0.0,0.0
2020-03-23,Erie,3.0,0.0
2020-03-23,Fayette,1.0,0.0
2020-03-23,Forest,0.0,0.0
2020-03-23,Franklin,1.0,0.0
2020-03-23,Fulton,0.0,0.0
2020-03-23,Greene,0.0,0.0
2020-03-23,Huntingdon,0.0,0.0
2020-03-23,Indiana,0.0,0.0
2020-03-23,Jefferson,0.0,0.0
2020-03-23,Juniata,0.0,0.0
2020-03-23,Lackawanna,0.0,0.0
2020-03-23,Lancaster,5.0,0.0
2020-03-23,Lawrence,0.0,0.0
2020-03-23,Lebanon,3.0,0.0
2020-03-23,Lehigh,25.0,0.0
2020-03-23,Luzerne,0.0,0.0
2020-03-23,Lycoming,0.0,0.0
2020-03-23,Mckean,0.0,0.0
2020-03-23,Mercer,1.0,0.0
2020-03-23,Mifflin,0.0,0.0
2020-03-23,Monroe,1.0,0.0
2020-03-23,Montgomery,129.0,1.0
2020-03-23,Montour,0.0,0.0
2020-03-23,Northampton,23.0,2.0
2020-03-23,Northumberland,0.0,0.0
2020-03-23,Perry,0.0,0.0
2020-03-23,Philadelphia,128.0,0.0
2020-03-23,Pike,3.0,0.0
2020-03-23,Potter,1.0,0.0
2020-03-23,Schuylkill,3.0,0.0
2020-03-23,Snyder,0.0,0.0
2020-03-23,Somerset,0.0,0.0
2020-03-23,Sullivan,0.0,0.0
2020-03-23,Susquehanna,0.0,0.0
2020-03-23,Tioga,0.0,0.0
2020-03-23,Union,0.0,0.0
2020-03-23,Venango,0.0,0.0
2020-03-23,Warren,0.0,0.0
2020-03-23,Washington,7.0,0.0
2020-03-23,Wayne,3.0,0.0
2020-03-23,Westmoreland,6.0,0.0
2020-03-23,Wyoming,0.0,0.0
2020-03-23,York,10.0,0.0
2020-03-24,Adams,6.0,0.0
2020-03-24,Allegheny,58.0,2.0
2020-03-24,Armstrong,1.0,0.0
2020-03-24,Beaver,3.0,0.0
2020-03-24,Bedford,16.0,0.0
2020-03-24,Berks,1.0,0.0
2020-03-24,Blair,0.0,0.0
2020-03-24,Bradford,0.0,0.0
2020-03-24,Bucks,65.0,0.0
2020-03-24,Butler,6.0,0.0
2020-03-24,Cambria,1.0,0.0
2020-03-24,Cameron,0.0,0.0
2020-03-24,Carbon,1.0,0.0
2020-03-24,Centre,7.0,0.0
2020-03-24,Chester,40.0,0.0
2020-03-24,Clarion,0.0,0.0
2020-03-24,Clearfield,1.0,0.0
2020-03-24,Clinton,0.0,0.0
2020-03-24,Columbia,1.0,0.0
2020-03-24,Crawford,0.0,0.0
2020-03-24,Cumberland,13.0,0.0
2020-03-24,Dauphin,4.0,0.0
2020-03-24,Delaware,84.0,0.0
2020-03-24,Elk,0.0,0.0
2020-03-24,Erie,4.0,0.0
2020-03-24,Fayette,2.0,0.0
2020-03-24,Forest,0.0,0.0
2020-03-24,Franklin,3.0,0.0
2020-03-24,Fulton,0.0,0.0
2020-03-24,Greene,0.0,0.0
2020-03-24,Huntingdon,0.0,0.0
2020-03-24,Indiana,0.0,0.0
2020-03-24,Jefferson,0.0,0.0
2020-03-24,Juniata,1.0,0.0
2020-03-24,Lackawanna,15.0,1.0
2020-03-24,Lancaster,10.0,0.0
2020-03-24,Lawrence,0.0,0.0
2020-03-24,Lebanon,3.0,0.0
2020-03-24,Lehigh,27.0,0.0
2020-03-24,Luzerne,21.0,0.0
2020-03-24,Lycoming,0.0,0.0
2020-03-24,Mckean,0.0,0.0
2020-03-24,Mercer,2.0,0.0
2020-03-24,Mifflin,0.0,0.0
2020-03-24,Monroe,45.0,1.0
2020-03-24,Montgomery,144.0,1.0
2020-03-24,Montour,3.0,0.0
2020-03-24,Northampton,33.0,2.0
2020-03-24,Northumberland,0.0,0.0
2020-03-24,Perry,0.0,0.0
2020-03-24,Philadelphia,177.0,0.0
2020-03-24,Pike,4.0,0.0
2020-03-24,Potter,1.0,0.0
2020-03-24,Schuylkill,5.0,0.0
2020-03-24,Snyder,0.0,0.0
2020-03-24,Somerset,1.0,0.0
2020-03-24,Sullivan,0.0,0.0
2020-03-24,Susquehanna,0.0,0.0
2020-03-24,Tioga,0.0,0.0
2020-03-24,Union,0.0,0.0
2020-03-24,Venango,0.0,0.0
2020-03-24,Warren,0.0,0.0
2020-03-24,Washington,9.0,0.0
2020-03-24,Wayne,4.0,0.0
2020-03-24,Westmoreland,11.0,0.0
2020-03-24,Wyoming,0.0,0.0
2020-03-24,York,18.0,0.0
2020-03-25,Adams,6.0,0.0
2020-03-25,Allegheny,88.0,2.0
2020-03-25,Armstrong,1.0,0.0
2020-03-25,Beaver,7.0,0.0
2020-03-25,Bedford,0.0,0.0
2020-03-25,Berks,20.0,0.0
2020-03-25,Blair,0.0,0.0
2020-03-25,Bradford,1.0,0.0
2020-03-25,Bucks,86.0,0.0
2020-03-25,Butler,12.0,0.0
2020-03-25,Cambria,1.0,0.0
2020-03-25,Cameron,0.0,0.0
2020-03-25,Carbon,1.0,0.0
2020-03-25,Centre,8.0,0.0
2020-03-25,Chester,54.0,0.0
2020-03-25,Clarion,0.0,0.0
2020-03-25,Clearfield,2.0,0.0
2020-03-25,Clinton,0.0,0.0
2020-03-25,Columbia,1.0,0.0
2020-03-25,Crawford,0.0,0.0
2020-03-25,Cumberland,13.0,0.0
2020-03-25,Dauphin,10.0,0.0
2020-03-25,Delaware,101.0,0.0
2020-03-25,Elk,0.0,0.0
2020-03-25,Erie,4.0,0.0
2020-03-25,Fayette,4.0,0.0
2020-03-25,Forest,0.0,0.0
2020-03-25,Franklin,5.0,0.0
2020-03-25,Fulton,0.0,0.0
2020-03-25,Greene,2.0,0.0
2020-03-25,Huntingdon,0.0,0.0
2020-03-25,Indiana,0.0,0.0
2020-03-25,Jefferson,0.0,0.0
2020-03-25,Juniata,1.0,0.0
2020-03-25,Lackawanna,18.0,2.0
2020-03-25,Lancaster,12.0,0.0
2020-03-25,Lawrence,1.0,0.0
2020-03-25,Lebanon,3.0,0.0
2020-03-25,Lehigh,38.0,0.0
2020-03-25,Luzerne,27.0,1.0
2020-03-25,Lycoming,1.0,0.0
2020-03-25,Mckean,0.0,0.0
2020-03-25,Mercer,2.0,0.0
2020-03-25,Mifflin,0.0,0.0
2020-03-25,Monroe,51.0,1.0
2020-03-25,Montgomery,172.0,1.0
2020-03-25,Montour,4.0,0.0
2020-03-25,Northampton,44.0,3.0
2020-03-25,Northumberland,0.0,0.0
2020-03-25,Perry,0.0,0.0
2020-03-25,Philadelphia,257.0,1.0
2020-03-25,Pike,9.0,0.0
2020-03-25,Potter,1.0,0.0
2020-03-25,Schuylkill,6.0,0.0
2020-03-25,Snyder,0.0,0.0
2020-03-25,Somerset,2.0,0.0
2020-03-25,Sullivan,0.0,0.0
2020-03-25,Susquehanna,0.0,0.0
2020-03-25,Tioga,0.0,0.0
2020-03-25,Union,0.0,0.0
2020-03-25,Venango,0.0,0.0
2020-03-25,Warren,1.0,0.0
2020-03-25,Washington,10.0,0.0
2020-03-25,Wayne,4.0,0.0
2020-03-25,Westmoreland,16.0,0.0
2020-03-25,Wyoming,0.0,0.0
2020-03-25,York,20.0,0.0
2020-03-26,Adams,7.0,0.0
2020-03-26,Allegheny,133.0,2.0
2020-03-26,Armstrong,1.0,0.0
2020-03-26,Beaver,13.0,0.0
2020-03-26,Bedford,0.0,0.0
2020-03-26,Berks,36.0,0.0
2020-03-26,Blair,1.0,0.0
2020-03-26,Bradford,2.0,0.0
2020-03-26,Bucks,107.0,0.0
2020-03-26,Butler,19.0,1.0
2020-03-26,Cambria,1.0,0.0
2020-03-26,Cameron,0.0,0.0
2020-03-26,Carbon,2.0,0.0
2020-03-26,Centre,9.0,0.0
2020-03-26,Chester,84.0,0.0
2020-03-26,Clarion,0.0,0.0
2020-03-26,Clearfield,2.0,0.0
2020-03-26,Clinton,0.0,0.0
2020-03-26,Columbia,3.0,0.0
2020-03-26,Crawford,1.0,0.0
2020-03-26,Cumberland,15.0,0.0
2020-03-26,Dauphin,13.0,0.0
2020-03-26,Delaware,156.0,1.0
2020-03-26,Elk,0.0,0.0
2020-03-26,Erie,4.0,0.0
2020-03-26,Fayette,8.0,0.0
2020-03-26,Forest,0.0,0.0
2020-03-26,Franklin,5.0,0.0
2020-03-26,Fulton,0.0,0.0
2020-03-26,Greene,3.0,0.0
2020-03-26,Huntingdon,0.0,0.0
2020-03-26,Indiana,1.0,0.0
2020-03-26,Jefferson,0.0,0.0
2020-03-26,Juniata,1.0,0.0
2020-03-26,Lackawanna,28.0,2.0
2020-03-26,Lancaster,21.0,0.0
2020-03-26,Lawrence,1.0,0.0
2020-03-26,Lebanon,4.0,0.0
2020-03-26,Lehigh,63.0,1.0
2020-03-26,Luzerne,36.0,1.0
2020-03-26,Lycoming,1.0,0.0
2020-03-26,Mckean,0.0,0.0
2020-03-26,Mercer,3.0,0.0
2020-03-26,Mifflin,0.0,0.0
2020-03-26,Monroe,67.0,2.0
2020-03-26,Montgomery,282.0,2.0
2020-03-26,Montour,4.0,0.0
2020-03-26,Northampton,56.0,3.0
2020-03-26,Northumberland,0.0,0.0
2020-03-26,Perry,0.0,0.0
2020-03-26,Philadelphia,402.0,1.0
2020-03-26,Pike,15.0,0.0
2020-03-26,Potter,1.0,0.0
2020-03-26,Schuylkill,9.0,0.0
2020-03-26,Snyder,0.0,0.0
2020-03-26,Somerset,2.0,0.0
2020-03-26,Sullivan,0.0,0.0
2020-03-26,Susquehanna,1.0,0.0
2020-03-26,Tioga,0.0,0.0
2020-03-26,Union,0.0,0.0
2020-03-26,Venango,0.0,0.0
2020-03-26,Warren,1.0,0.0
2020-03-26,Washington,12.0,0.0
2020-03-26,Wayne,6.0,0.0
2020-03-26,Westmoreland,24.0,0.0
2020-03-26,Wyoming,0.0,0.0
2020-03-26,York,21.0,0.0
2020-03-27,Adams,8.0,0.0
2020-03-27,Allegheny,158.0,2.0
2020-03-27,Armstrong,1.0,0.0
2020-03-27,Beaver,14.0,0.0
2020-03-27,Bedford,0.0,0.0
2020-03-27,Berks,65.0,0.0
2020-03-27,Blair,1.0,0.0
2020-03-27,Bradford,2.0,0.0
2020-03-27,Bucks,124.0,0.0
2020-03-27,Butler,26.0,1.0
2020-03-27,Cambria,1.0,0.0
2020-03-27,Cameron,0.0,0.0
2020-03-27,Carbon,2.0,0.0
2020-03-27,Centre,11.0,0.0
2020-03-27,Chester,107.0,0.0
2020-03-27,Clarion,0.0,0.0
2020-03-27,Clearfield,2.0,0.0
2020-03-27,Clinton,0.0,0.0
2020-03-27,Columbia,3.0,0.0
2020-03-27,Crawford,1.0,0.0
2020-03-27,Cumberland,16.0,0.0
2020-03-27,Dauphin,18.0,0.0
2020-03-27,Delaware,185.0,3.0
2020-03-27,Elk,0.0,0.0
2020-03-27,Erie,7.0,0.0
2020-03-27,Fayette,9.0,0.0
2020-03-27,Forest,0.0,0.0
2020-03-27,Franklin,5.0,0.0
2020-03-27,Fulton,0.0,0.0
2020-03-27,Greene,4.0,0.0
2020-03-27,Huntingdon,0.0,0.0
2020-03-27,Indiana,2.0,0.0
2020-03-27,Jefferson,0.0,0.0
2020-03-27,Juniata,1.0,0.0
2020-03-27,Lackawanna,35.0,2.0
2020-03-27,Lancaster,33.0,0.0
2020-03-27,Lawrence,4.0,0.0
2020-03-27,Lebanon,12.0,0.0
2020-03-27,Lehigh,93.0,2.0
2020-03-27,Luzerne,55.0,2.0
2020-03-27,Lycoming,2.0,0.0
2020-03-27,Mckean,0.0,0.0
2020-03-27,Mercer,4.0,0.0
2020-03-27,Mifflin,0.0,0.0
2020-03-27,Monroe,98.0,2.0
2020-03-27,Montgomery,374.0,3.0
2020-03-27,Montour,4.0,0.0
2020-03-27,Northampton,79.0,3.0
2020-03-27,Northumberland,1.0,0.0
2020-03-27,Perry,0.0,0.0
2020-03-27,Philadelphia,530.0,2.0
2020-03-27,Pike,23.0,0.0
2020-03-27,Potter,1.0,0.0
2020-03-27,Schuylkill,13.0,0.0
2020-03-27,Snyder,0.0,0.0
2020-03-27,Somerset,2.0,0.0
2020-03-27,Sullivan,0.0,0.0
2020-03-27,Susquehanna,1.0,0.0
2020-03-27,Tioga,0.0,0.0
2020-03-27,Union,1.0,0.0
2020-03-27,Venango,0.0,0.0
2020-03-27,Warren,1.0,0.0
2020-03-27,Washington,14.0,0.0
2020-03-27,Wayne,6.0,0.0
2020-03-27,Westmoreland,30.0,0.0
2020-03-27,Wyoming,0.0,0.0
2020-03-27,York,29.0,0.0
2020-03-28,Adams,8.0,0.0
2020-03-28,Allegheny,219.0,2.0
2020-03-28,Armstrong,2.0,0.0
2020-03-28,Beaver,22.0,0.0
2020-03-28,Bedford,0.0,0.0
2020-03-28,Berks,65.0,0.0
2020-03-28,Blair,2.0,0.0
2020-03-28,Bradford,3.0,0.0
2020-03-28,Bucks,152.0,0.0
2020-03-28,Butler,41.0,2.0
2020-03-28,Cambria,1.0,0.0
2020-03-28,Cameron,1.0,0.0
2020-03-28,Carbon,3.0,0.0
2020-03-28,Centre,15.0,0.0
2020-03-28,Chester,116.0,0.0
2020-03-28,Clarion,1.0,0.0
2020-03-28,Clearfield,2.0,0.0
2020-03-28,Clinton,0.0,0.0
2020-03-28,Columbia,4.0,0.0
2020-03-28,Crawford,2.0,0.0
2020-03-28,Cumberland,22.0,1.0
2020-03-28,Dauphin,23.0,0.0
2020-03-28,Delaware,226.0,4.0
2020-03-28,Elk,0.0,0.0
2020-03-28,Erie,7.0,0.0
2020-03-28,Fayette,10.0,0.0
2020-03-28,Forest,0.0,0.0
2020-03-28,Franklin,7.0,0.0
2020-03-28,Fulton,0.0,0.0
2020-03-28,Greene,6.0,0.0
2020-03-28,Huntingdon,1.0,0.0
2020-03-28,Indiana,2.0,0.0
2020-03-28,Jefferson,0.0,0.0
2020-03-28,Juniata,1.0,0.0
2020-03-28,Lackawanna,51.0,2.0
2020-03-28,Lancaster,45.0,1.0
2020-03-28,Lawrence,8.0,0.0
2020-03-28,Lebanon,15.0,0.0
2020-03-28,Lehigh,109.0,3.0
2020-03-28,Luzerne,65.0,2.0
2020-03-28,Lycoming,2.0,0.0
2020-03-28,Mckean,1.0,0.0
2020-03-28,Mercer,6.0,0.0
2020-03-28,Mifflin,0.0,0.0
2020-03-28,Monroe,106.0,2.0
2020-03-28,Montgomery,411.0,5.0
2020-03-28,Montour,5.0,0.0
2020-03-28,Northampton,94.0,4.0
2020-03-28,Northumberland,1.0,0.0
2020-03-28,Perry,1.0,0.0
2020-03-28,Philadelphia,709.0,5.0
2020-03-28,Pike,27.0,1.0
2020-03-28,Potter,2.0,0.0
2020-03-28,Schuylkill,16.0,0.0
2020-03-28,Snyder,1.0,0.0
2020-03-28,Somerset,2.0,0.0
2020-03-28,Sullivan,0.0,0.0
2020-03-28,Susquehanna,1.0,0.0
2020-03-28,Tioga,1.0,0.0
2020-03-28,Union,0.0,0.0
2020-03-28,Venango,0.0,0.0
2020-03-28,Warren,1.0,0.0
2020-03-28,Washington,23.0,0.0
2020-03-28,Wayne,6.0,0.0
2020-03-28,Westmoreland,41.0,0.0
2020-03-28,Wyoming,0.0,0.0
2020-03-28,York,37.0,0.0
2020-03-29,Adams,8.0,0.0
2020-03-29,Allegheny,265.0,2.0
2020-03-29,Armstrong,3.0,0.0
2020-03-29,Beaver,28.0,0.0
2020-03-29,Bedford,0.0,0.0
2020-03-29,Berks,68.0,0.0
2020-03-29,Blair,3.0,0.0
2020-03-29,Bradford,3.0,0.0
2020-03-29,Bucks,203.0,1.0
2020-03-29,Butler,47.0,2.0
2020-03-29,Cambria,1.0,0.0
2020-03-29,Cameron,1.0,0.0
2020-03-29,Carbon,9.0,0.0
2020-03-29,Centre,22.0,0.0
2020-03-29,Chester,137.0,0.0
2020-03-29,Clarion,1.0,0.0
2020-03-29,Clearfield,2.0,0.0
2020-03-29,Clinton,0.0,0.0
2020-03-29,Columbia,6.0,0.0
2020-03-29,Crawford,3.0,0.0
2020-03-29,Cumberland,22.0,1.0
2020-03-29,Dauphin,35.0,0.0
2020-03-29,Delaware,276.0,4.0
2020-03-29,Elk,0.0,0.0
2020-03-29,Erie,7.0,0.0
2020-03-29,Fayette,10.0,0.0
2020-03-29,Forest,0.0,0.0
2020-03-29,Franklin,11.0,0.0
2020-03-29,Fulton,0.0,0.0
2020-03-29,Greene,6.0,0.0
2020-03-29,Huntingdon,1.0,0.0
2020-03-29,Indiana,2.0,0.0
2020-03-29,Jefferson,0.0,0.0
2020-03-29,Juniata,1.0,0.0
2020-03-29,Lackawanna,56.0,2.0
2020-03-29,Lancaster,67.0,2.0
2020-03-29,Lawrence,8.0,1.0
2020-03-29,Lebanon,19.0,0.0
2020-03-29,Lehigh,151.0,3.0
2020-03-29,Luzerne,94.0,2.0
2020-03-29,Lycoming,3.0,0.0
2020-03-29,Mckean,1.0,0.0
2020-03-29,Mercer,7.0,0.0
2020-03-29,Mifflin,2.0,0.0
2020-03-29,Monroe,135.0,3.0
2020-03-29,Montgomery,488.0,5.0
2020-03-29,Montour,4.0,0.0
2020-03-29,Northampton,126.0,4.0
2020-03-29,Northumberland,1.0,0.0
2020-03-29,Perry,1.0,0.0
2020-03-29,Philadelphia,865.0,5.0
2020-03-29,Pike,33.0,1.0
2020-03-29,Potter,2.0,0.0
2020-03-29,Schuylkill,21.0,0.0
2020-03-29,Snyder,2.0,0.0
2020-03-29,Somerset,2.0,0.0
2020-03-29,Sullivan,0.0,0.0
2020-03-29,Susquehanna,1.0,0.0
2020-03-29,Tioga,1.0,0.0
2020-03-29,Union,0.0,0.0
2020-03-29,Venango,1.0,0.0
2020-03-29,Warren,1.0,0.0
2020-03-29,Washington,24.0,0.0
2020-03-29,Wayne,7.0,0.0
2020-03-29,Westmoreland,47.0,0.0
2020-03-29,Wyoming,0.0,0.0
2020-03-29,York,43.0,0.0
2020-03-30,Adams,8.0,0.0
2020-03-30,Allegheny,290.0,2.0
2020-03-30,Armstrong,3.0,0.0
2020-03-30,Beaver,44.0,0.0
2020-03-30,Berks,82.0,0.0
2020-03-30,Blair,6.0,0.0
2020-03-30,Bradford,3.0,0.0
2020-03-30,Bucks,246.0,3.0
2020-03-30,Butler,49.0,2.0
2020-03-30,Cambria,2.0,0.0
2020-03-30,Cameron,1.0,0.0
2020-03-30,Carbon,13.0,0.0
2020-03-30,Centre,24.0,0.0
2020-03-30,Chester,146.0,0.0
2020-03-30,Clarion,1.0,0.0
2020-03-30,Clearfield,4.0,0.0
2020-03-30,Columbia,6.0,0.0
2020-03-30,Crawford,4.0,0.0
2020-03-30,Cumberland,24.0,1.0
2020-03-30,Dauphin,36.0,0.0
2020-03-30,Delaware,303.0,4.0
2020-03-30,Erie,13.0,0.0
2020-03-30,Fayette,11.0,0.0
2020-03-30,Franklin,12.0,0.0
2020-03-30,Greene,7.0,0.0
2020-03-30,Huntingdon,1.0,0.0
2020-03-30,Indiana,2.0,0.0
2020-03-30,Juniata,3.0,0.0
2020-03-30,Lackawanna,62.0,2.0
2020-03-30,Lancaster,97.0,2.0
2020-03-30,Lawrence,10.0,1.0
2020-03-30,Lebanon,27.0,0.0
2020-03-30,Lehigh,231.0,3.0
2020-03-30,Luzerne,150.0,3.0
2020-03-30,Lycoming,4.0,0.0
2020-03-30,Mckean,1.0,0.0
2020-03-30,Mercer,7.0,0.0
2020-03-30,Mifflin,1.0,0.0
2020-03-30,Monroe,182.0,7.0
2020-03-30,Montgomery,540.0,5.0
2020-03-30,Montour,10.0,0.0
2020-03-30,Northampton,184.0,5.0
2020-03-30,Northumberland,1.0,0.0
2020-03-30,Perry,1.0,0.0
2020-03-30,Philadelphia,1007.0,7.0
2020-03-30,Pike,39.0,1.0
2020-03-30,Potter,2.0,0.0
2020-03-30,Schuylkill,30.0,0.0
2020-03-30,Snyder,2.0,0.0
2020-03-30,Somerset,2.0,0.0
2020-03-30,Susquehanna,1.0,0.0
2020-03-30,Tioga,1.0,0.0
2020-03-30,Union,4.0,0.0
2020-03-30,Venango,1.0,0.0
2020-03-30,Warren,1.0,0.0
2020-03-30,Washington,26.0,0.0
2020-03-30,Wayne,10.0,0.0
2020-03-30,Westmoreland,55.0,0.0
2020-03-30,York,54.0,0.0
2020-03-31,Adams,9.0,0.0
2020-03-31,Allegheny,325.0,2.0
2020-03-31,Armstrong,5.0,0.0
2020-03-31,Beaver,52.0,1.0
2020-03-31,Bedford,2.0,0.0
2020-03-31,Berks,110.0,0.0
2020-03-31,Blair,4.0,0.0
2020-03-31,Bradford,7.0,0.0
2020-03-31,Bucks,286.0,3.0
2020-03-31,Butler,60.0,2.0
2020-03-31,Cambria,2.0,0.0
2020-03-31,Cameron,1.0,0.0
2020-03-31,Carbon,17.0,1.0
2020-03-31,Centre,26.0,0.0
2020-03-31,Chester,159.0,1.0
2020-03-31,Clarion,3.0,0.0
2020-03-31,Clearfield,4.0,0.0
2020-03-31,Columbia,7.0,0.0
2020-03-31,Crawford,4.0,0.0
2020-03-31,Cumberland,36.0,1.0
2020-03-31,Dauphin,45.0,1.0
2020-03-31,Delaware,338.0,5.0
2020-03-31,Erie,14.0,0.0
2020-03-31,Fayette,14.0,0.0
2020-03-31,Franklin,19.0,0.0
2020-03-31,Greene,9.0,0.0
2020-03-31,Huntingdon,1.0,0.0
2020-03-31,Indiana,6.0,0.0
2020-03-31,Juniata,3.0,0.0
2020-03-31,Lackawanna,78.0,3.0
2020-03-31,Lancaster,123.0,3.0
2020-03-31,Lawrence,13.0,2.0
2020-03-31,Lebanon,28.0,0.0
2020-03-31,Lehigh,272.0,4.0
2020-03-31,Luzerne,212.0,4.0
2020-03-31,Lycoming,6.0,0.0
2020-03-31,Mckean,1.0,0.0
2020-03-31,Mercer,8.0,0.0
2020-03-31,Mifflin,2.0,0.0
2020-03-31,Monroe,236.0,7.0
2020-03-31,Montgomery,570.0,6.0
2020-03-31,Montour,9.0,0.0
2020-03-31,Northampton,245.0,5.0
2020-03-31,Northumberland,1.0,0.0
2020-03-31,Perry,1.0,0.0
2020-03-31,Philadelphia,1197.0,10.0
2020-03-31,Pike,48.0,1.0
2020-03-31,Potter,2.0,0.0
2020-03-31,Schuylkill,38.0,0.0
2020-03-31,Snyder,2.0,1.0
2020-03-31,Somerset,2.0,0.0
2020-03-31,Susquehanna,1.0,0.0
2020-03-31,Tioga,2.0,0.0
2020-03-31,Union,4.0,0.0
2020-03-31,Venango,3.0,0.0
2020-03-31,Warren,1.0,0.0
2020-03-31,Washington,33.0,0.0
2020-03-31,Wayne,10.0,0.0
2020-03-31,Westmoreland,61.0,0.0
2020-03-31,York,66.0,0.0
2020-04-01,Adams,12.0,0.0
2020-04-01,Allegheny,356.0,2.0
2020-04-01,Armstrong,5.0,0.0
2020-04-01,Beaver,54.0,2.0
2020-04-01,Bedford,3.0,0.0
2020-04-01,Berks,151.0,0.0
2020-04-01,Blair,4.0,0.0
2020-04-01,Bradford,8.0,0.0
2020-04-01,Bucks,312.0,6.0
2020-04-01,Butler,64.0,2.0
2020-04-01,Cambria,3.0,0.0
2020-04-01,Cameron,1.0,0.0
2020-04-01,Carbon,23.0,1.0
2020-04-01,Centre,27.0,0.0
2020-04-01,Chester,183.0,1.0
2020-04-01,Clarion,4.0,0.0
2020-04-01,Clearfield,4.0,0.0
2020-04-01,Columbia,8.0,0.0
2020-04-01,Crawford,5.0,0.0
2020-04-01,Cumberland,38.0,1.0
2020-04-01,Dauphin,59.0,1.0
2020-04-01,Delaware,390.0,7.0
2020-04-01,Erie,15.0,0.0
2020-04-01,Fayette,14.0,1.0
2020-04-01,Franklin,21.0,0.0
2020-04-01,Greene,9.0,0.0
2020-04-01,Huntingdon,1.0,0.0
2020-04-01,Indiana,6.0,0.0
2020-04-01,Juniata,2.0,0.0
2020-04-01,Lackawanna,85.0,3.0
2020-04-01,Lancaster,157.0,3.0
2020-04-01,Lawrence,13.0,2.0
2020-04-01,Lebanon,36.0,0.0
2020-04-01,Lehigh,374.0,5.0
2020-04-01,Luzerne,282.0,4.0
2020-04-01,Lycoming,7.0,0.0
2020-04-01,Mckean,1.0,0.0
2020-04-01,Mercer,8.0,0.0
2020-04-01,Mifflin,1.0,0.0
2020-04-01,Monroe,278.0,8.0
2020-04-01,Montgomery,649.0,8.0
2020-04-01,Montour,13.0,0.0
2020-04-01,Northampton,312.0,5.0
2020-04-01,Northumberland,6.0,0.0
2020-04-01,Perry,1.0,0.0
2020-04-01,Philadelphia,1478.0,10.0
2020-04-01,Pike,57.0,1.0
2020-04-01,Potter,2.0,0.0
2020-04-01,Schuylkill,47.0,0.0
2020-04-01,Snyder,3.0,1.0
2020-04-01,Somerset,3.0,0.0
2020-04-01,Susquehanna,2.0,0.0
2020-04-01,Tioga,2.0,0.0
2020-04-01,Union,2.0,0.0
2020-04-01,Venango,3.0,0.0
2020-04-01,Warren,1.0,0.0
2020-04-01,Washington,35.0,0.0
2020-04-01,Wayne,14.0,0.0
2020-04-01,Westmoreland,72.0,0.0
2020-04-01,York,79.0,0.0
2020-04-02,Adams,18.0,0.0
2020-04-02,Allegheny,419.0,2.0
2020-04-02,Armstrong,7.0,0.0
2020-04-02,Beaver,55.0,2.0
2020-04-02,Bedford,3.0,0.0
2020-04-02,Berks,168.0,1.0
2020-04-02,Blair,4.0,0.0
2020-04-02,Bradford,8.0,0.0
2020-04-02,Bucks,370.0,6.0
2020-04-02,Butler,69.0,2.0
2020-04-02,Cambria,4.0,0.0
2020-04-02,Cameron,1.0,0.0
2020-04-02,Carbon,26.0,1.0
2020-04-02,Centre,28.0,0.0
2020-04-02,Chester,210.0,2.0
2020-04-02,Clarion,4.0,0.0
2020-04-02,Clearfield,4.0,0.0
2020-04-02,Columbia,11.0,0.0
2020-04-02,Crawford,5.0,0.0
2020-04-02,Cumberland,41.0,1.0
2020-04-02,Dauphin,67.0,1.0
2020-04-02,Delaware,470.0,8.0
2020-04-02,Erie,16.0,0.0
2020-04-02,Fayette,15.0,1.0
2020-04-02,Forest,1.0,0.0
2020-04-02,Franklin,23.0,0.0
2020-04-02,Greene,11.0,0.0
2020-04-02,Huntingdon,2.0,0.0
2020-04-02,Indiana,6.0,0.0
2020-04-02,Juniata,2.0,0.0
2020-04-02,Lackawanna,108.0,3.0
2020-04-02,Lancaster,203.0,4.0
2020-04-02,Lawrence,16.0,2.0
2020-04-02,Lebanon,45.0,0.0
2020-04-02,Lehigh,479.0,5.0
2020-04-02,Luzerne,384.0,5.0
2020-04-02,Lycoming,7.0,0.0
2020-04-02,Mckean,1.0,0.0
2020-04-02,Mercer,9.0,0.0
2020-04-02,Mifflin,1.0,0.0
2020-04-02,Monroe,321.0,10.0
2020-04-02,Montgomery,735.0,9.0
2020-04-02,Montour,15.0,0.0
2020-04-02,Northampton,378.0,9.0
2020-04-02,Northumberland,8.0,0.0
2020-04-02,Perry,3.0,0.0
2020-04-02,Philadelphia,1852.0,13.0
2020-04-02,Pike,68.0,1.0
2020-04-02,Potter,2.0,0.0
2020-04-02,Schuylkill,54.0,0.0
2020-04-02,Snyder,3.0,1.0
2020-04-02,Somerset,3.0,0.0
2020-04-02,Susquehanna,3.0,0.0
2020-04-02,Tioga,2.0,0.0
2020-04-02,Union,2.0,0.0
2020-04-02,Venango,3.0,0.0
2020-04-02,Warren,1.0,0.0
2020-04-02,Washington,38.0,0.0
2020-04-02,Wayne,17.0,0.0
2020-04-02,Westmoreland,84.0,0.0
2020-04-02,Wyoming,1.0,0.0
2020-04-02,York,102.0,1.0
2020-04-03,Adams,19.0,
2020-04-03,Allegheny,476.0,2.0
2020-04-03,Armstrong,11.0,
2020-04-03,Beaver,65.0,2.0
2020-04-03,Bedford,3.0,
2020-04-03,Berks,201.0,1.0
2020-04-03,Blair,4.0,
2020-04-03,Bradford,9.0,
2020-04-03,Bucks,446.0,8.0
2020-04-03,Butler,75.0,2.0
2020-04-03,Cambria,4.0,
2020-04-03,Cameron,1.0,
2020-04-03,Carbon,34.0,1.0
2020-04-03,Centre,32.0,
2020-04-03,Chester,226.0,2.0
2020-04-03,Clarion,4.0,
2020-04-03,Clearfield,5.0,
2020-04-03,Clinton,1.0,
2020-04-03,Columbia,15.0,
2020-04-03,Crawford,5.0,
2020-04-03,Cumberland,45.0,2.0
2020-04-03,Dauphin,79.0,1.0
2020-04-03,Delaware,542.0,10.0
2020-04-03,Erie,17.0,
2020-04-03,Fayette,20.0,1.0
2020-04-03,Forest,1.0,
2020-04-03,Franklin,26.0,
2020-04-03,Greene,11.0,
2020-04-03,Huntingdon,3.0,
2020-04-03,Indiana,7.0,
2020-04-03,Juniata,5.0,
2020-04-03,Lackawanna,119.0,4.0
2020-04-03,Lancaster,232.0,5.0
2020-04-03,Lawrence,19.0,2.0
2020-04-03,Lebanon,54.0,
2020-04-03,Lehigh,584.0,5.0
2020-04-03,Luzerne,484.0,5.0
2020-04-03,Lycoming,8.0,
2020-04-03,Mckean,1.0,
2020-04-03,Mercer,10.0,
2020-04-03,Mifflin,2.0,
2020-04-03,Monroe,397.0,10.0
2020-04-03,Montgomery,875.0,11.0
2020-04-03,Montour,16.0,
2020-04-03,Northampton,466.0,10.0
2020-04-03,Northumberland,8.0,
2020-04-03,Perry,4.0,1.0
2020-04-03,Philadelphia,2284.0,14.0
2020-04-03,Pike,83.0,1.0
2020-04-03,Potter,2.0,
2020-04-03,Schuylkill,63.0,
2020-04-03,Snyder,4.0,1.0
2020-04-03,Somerset,3.0,
2020-04-03,Susquehanna,4.0,
2020-04-03,Tioga,3.0,
2020-04-03,Union,3.0,
2020-04-03,Venango,3.0,
2020-04-03,Warren,1.0,
2020-04-03,Washington,40.0,
2020-04-03,Wayne,23.0,
2020-04-03,Westmoreland,110.0,
2020-04-03,Wyoming,2.0,
2020-04-03,York,121.0,1.0
2020-04-04,Adams,21.0,
2020-04-04,Allegheny,552.0,3.0
2020-04-04,Armstrong,12.0,
2020-04-04,Beaver,69.0,6.0
2020-04-04,Bedford,4.0,
2020-04-04,Berks,235.0,2.0
2020-04-04,Blair,5.0,
2020-04-04,Bradford,10.0,
2020-04-04,Bucks,488.0,11.0
2020-04-04,Butler,84.0,2.0
2020-04-04,Cambria,6.0,
2020-04-04,Cameron,1.0,
2020-04-04,Carbon,46.0,1.0
2020-04-04,Centre,39.0,
2020-04-04,Chester,250.0,2.0
2020-04-04,Clarion,4.0,
2020-04-04,Clearfield,7.0,
2020-04-04,Clinton,1.0,
2020-04-04,Columbia,20.0,
2020-04-04,Crawford,5.0,
2020-04-04,Cumberland,54.0,2.0
2020-04-04,Dauphin,99.0,1.0
2020-04-04,Delaware,616.0,13.0
2020-04-04,Erie,19.0,
2020-04-04,Fayette,23.0,1.0
2020-04-04,Forest,2.0,
2020-04-04,Franklin,27.0,
2020-04-04,Greene,12.0,
2020-04-04,Huntingdon,4.0,
2020-04-04,Indiana,9.0,
2020-04-04,Juniata,7.0,
2020-04-04,Lackawanna,146.0,6.0
2020-04-04,Lancaster,291.0,5.0
2020-04-04,Lawrence,22.0,2.0
2020-04-04,Lebanon,87.0,
2020-04-04,Lehigh,804.0,7.0
2020-04-04,Luzerne,648.0,5.0
2020-04-04,Lycoming,10.0,
2020-04-04,McKean,1.0,
2020-04-04,Mercer,14.0,
2020-04-04,Mifflin,4.0,
2020-04-04,Monroe,484.0,11.0
2020-04-04,Montgomery,982.0,17.0
2020-04-04,Montour,19.0,
2020-04-04,Northampton,588.0,11.0
2020-04-04,Northumberland,9.0,
2020-04-04,Perry,5.0,1.0
2020-04-04,Philadelphia,2610.0,24.0
2020-04-04,Pike,97.0,1.0
2020-04-04,Potter,3.0,
2020-04-04,Schuylkill,77.0,
2020-04-04,Snyder,6.0,1.0
2020-04-04,Somerset,3.0,
2020-04-04,Sullivan,1.0,
2020-04-04,Susquehanna,5.0,
2020-04-04,Tioga,3.0,
2020-04-04,Union,5.0,
2020-04-04,Venango,3.0,
2020-04-04,Warren,1.0,
2020-04-04,Washington,46.0,
2020-04-04,Wayne,28.0,
2020-04-04,Westmoreland,135.0,
2020-04-04,Wyoming,5.0,
2020-04-04,York,144.0,1.0
2020-04-05,Adams,22.0,
2020-04-05,Allegheny,605.0,4.0
2020-04-05,Armstrong,12.0,
2020-04-05,Beaver,84.0,6.0
2020-04-05,Bedford,4.0,
2020-04-05,Berks,276.0,3.0
2020-04-05,Blair,5.0,
2020-04-05,Bradford,10.0,
2020-04-05,Bucks,555.0,13.0
2020-04-05,Butler,87.0,2.0
2020-04-05,Cambria,7.0,
2020-04-05,Cameron,1.0,
2020-04-05,Carbon,50.0,1.0
2020-04-05,Centre,43.0,
2020-04-05,Chester,269.0,2.0
2020-04-05,Clarion,5.0,
2020-04-05,Clearfield,7.0,
2020-04-05,Clinton,1.0,
2020-04-05,Columbia,22.0,
2020-04-05,Crawford,7.0,
2020-04-05,Cumberland,58.0,2.0
2020-04-05,Dauphin,118.0,1.0
2020-04-05,Delaware,708.0,14.0
2020-04-05,Erie,19.0,
2020-04-05,Fayette,27.0,1.0
2020-04-05,Forest,3.0,
2020-04-05,Franklin,30.0,
2020-04-05,Fulton,1.0,
2020-04-05,Greene,12.0,
2020-04-05,Huntingdon,4.0,
2020-04-05,Indiana,13.0,
2020-04-05,Juniata,7.0,
2020-04-05,Lackawanna,172.0,6.0
2020-04-05,Lancaster,371.0,8.0
2020-04-05,Lawrence,23.0,2.0
2020-04-05,Lebanon,106.0,
2020-04-05,Lehigh,877.0,8.0
2020-04-05,Luzerne,741.0,5.0
2020-04-05,Lycoming,9.0,
2020-04-05,McKean,1.0,
2020-04-05,Mercer,18.0,
2020-04-05,Mifflin,9.0,
2020-04-05,Monroe,528.0,11.0
2020-04-05,Montgomery,1111.0,18.0
2020-04-05,Montour,37.0,
2020-04-05,Northampton,636.0,11.0
2020-04-05,Northumberland,14.0,
2020-04-05,Perry,5.0,1.0
2020-04-05,Philadelphia,3135.0,28.0
2020-04-05,Pike,114.0,1.0
2020-04-05,Potter,3.0,
2020-04-05,Schuylkill,90.0,
2020-04-05,Snyder,8.0,1.0
2020-04-05,Somerset,4.0,
2020-04-05,Sullivan,1.0,
2020-04-05,Susquehanna,6.0,
2020-04-05,Tioga,3.0,
2020-04-05,Union,6.0,
2020-04-05,Venango,3.0,
2020-04-05,Warren,1.0,
2020-04-05,Washington,50.0,
2020-04-05,Wayne,33.0,
2020-04-05,Westmoreland,147.0,
2020-04-05,Wyoming,5.0,
2020-04-05,York,171.0,1.0
2020-04-06,Adams,25.0,
2020-04-06,Allegheny,642.0,4.0
2020-04-06,Armstrong,13.0,
2020-04-06,Beaver,96.0,6.0
2020-04-06,Bedford,4.0,
2020-04-06,Berks,326.0,3.0
2020-04-06,Blair,5.0,
2020-04-06,Bradford,10.0,
2020-04-06,Bucks,619.0,17.0
2020-04-06,Butler,91.0,2.0
2020-04-06,Cambria,7.0,
2020-04-06,Cameron,1.0,
2020-04-06,Carbon,59.0,1.0
2020-04-06,Centre,44.0,
2020-04-06,Chester,307.0,3.0
2020-04-06,Clarion,6.0,
2020-04-06,Clearfield,7.0,
2020-04-06,Clinton,3.0,
2020-04-06,Columbia,26.0,
2020-04-06,Crawford,9.0,
2020-04-06,Cumberland,68.0,2.0
2020-04-06,Dauphin,132.0,1.0
2020-04-06,Delaware,822.0,15.0
2020-04-06,Erie,20.0,
2020-04-06,Fayette,29.0,1.0
2020-04-06,Forest,4.0,
2020-04-06,Franklin,32.0,
2020-04-06,Fulton,1.0,
2020-04-06,Greene,12.0,
2020-04-06,Huntingdon,4.0,
2020-04-06,Indiana,17.0,
2020-04-06,Juniata,11.0,
2020-04-06,Lackawanna,190.0,7.0
2020-04-06,Lancaster,408.0,11.0
2020-04-06,Lawrence,24.0,2.0
2020-04-06,Lebanon,124.0,
2020-04-06,Lehigh,1006.0,8.0
2020-04-06,Luzerne,849.0,5.0
2020-04-06,Lycoming,10.0,
2020-04-06,McKean,1.0,
2020-04-06,Mercer,18.0,
2020-04-06,Mifflin,5.0,
2020-04-06,Monroe,572.0,11.0
2020-04-06,Montgomery,1230.0,18.0
2020-04-06,Montour,33.0,
2020-04-06,Northampton,716.0,12.0
2020-04-06,Northumberland,15.0,
2020-04-06,Perry,5.0,1.0
2020-04-06,Philadelphia,3611.0,28.0
2020-04-06,Pike,125.0,2.0
2020-04-06,Potter,3.0,
2020-04-06,Schuylkill,103.0,
2020-04-06,Snyder,8.0,1.0
2020-04-06,Somerset,6.0,
2020-04-06,Sullivan,1.0,
2020-04-06,Susquehanna,6.0,
2020-04-06,Tioga,8.0,
2020-04-06,Union,6.0,
2020-04-06,Venango,5.0,
2020-04-06,Warren,1.0,
2020-04-06,Washington,53.0,
2020-04-06,Wayne,35.0,
2020-04-06,Westmoreland,157.0,
2020-04-06,Wyoming,5.0,
2020-04-06,York,189.0,1.0
2020-04-08,Adams,33.0,
2020-04-08,Allegheny,720.0,10.0
2020-04-08,Armstrong,19.0,
2020-04-08,Beaver,128.0,13.0
2020-04-08,Bedford,4.0,
2020-04-08,Berks,416.0,7.0
2020-04-08,Blair,6.0,
2020-04-08,Bradford,15.0,
2020-04-08,Bucks,756.0,22.0
2020-04-08,Butler,113.0,2.0
2020-04-08,Cambria,9.0,1.0
2020-04-08,Cameron,1.0,
2020-04-08,Carbon,76.0,1.0
2020-04-08,Centre,57.0,
2020-04-08,Chester,373.0,6.0
2020-04-08,Clarion,8.0,
2020-04-08,Clearfield,7.0,
2020-04-08,Clinton,3.0,
2020-04-08,Columbia,54.0,1.0
2020-04-08,Crawford,8.0,
2020-04-08,Cumberland,84.0,2.0
2020-04-08,Dauphin,168.0,2.0
2020-04-08,Delaware,1034.0,23.0
2020-04-08,Elk,2.0,
2020-04-08,Erie,29.0,
2020-04-08,Fayette,35.0,1.0
2020-04-08,Forest,5.0,
2020-04-08,Franklin,43.0,
2020-04-08,Fulton,1.0,
2020-04-08,Greene,17.0,
2020-04-08,Huntingdon,6.0,
2020-04-08,Indiana,21.0,
2020-04-08,Jefferson,1.0,
2020-04-08,Juniata,18.0,
2020-04-08,Lackawanna,266.0,10.0
2020-04-08,Lancaster,561.0,16.0
2020-04-08,Lawrence,32.0,2.0
2020-04-08,Lebanon,169.0,
2020-04-08,Lehigh,1319.0,11.0
2020-04-08,Luzerne,1134.0,11.0
2020-04-08,Lycoming,15.0,
2020-04-08,McKean,1.0,
2020-04-08,Mercer,27.0,
2020-04-08,Mifflin,10.0,
2020-04-08,Monroe,671.0,17.0
2020-04-08,Montgomery,1521.0,37.0
2020-04-08,Montour,26.0,
2020-04-08,Northampton,857.0,17.0
2020-04-08,Northumberland,22.0,
2020-04-08,Perry,13.0,1.0
2020-04-08,Philadelphia,4456.0,86.0
2020-04-08,Pike,148.0,6.0
2020-04-08,Potter,3.0,
2020-04-08,Schuylkill,136.0,
2020-04-08,Snyder,9.0,1.0
2020-04-08,Somerset,7.0,
2020-04-08,Sullivan,1.0,
2020-04-08,Susquehanna,14.0,
2020-04-08,Tioga,10.0,
2020-04-08,Union,8.0,
2020-04-08,Venango,5.0,
2020-04-08,Warren,1.0,
2020-04-08,Washington,59.0,
2020-04-08,Wayne,47.0,
2020-04-08,Westmoreland,183.0,1.0
2020-04-08,Wyoming,5.0,
2020-04-08,York,233.0,2.0
2020-04-07,Adams,28.0,
2020-04-07,Allegheny,689.0,6.0
2020-04-07,Armstrong,18.0,
2020-04-07,Beaver,116.0,9.0
2020-04-07,Bedford,4.0,
2020-04-07,Berks,369.0,4.0
2020-04-07,Blair,6.0,
2020-04-07,Bradford,14.0,
2020-04-07,Bucks,690.0,21.0
2020-04-07,Butler,107.0,2.0
2020-04-07,Cambria,7.0,1.0
2020-04-07,Cameron,1.0,
2020-04-07,Carbon,67.0,1.0
2020-04-07,Centre,55.0,
2020-04-07,Chester,335.0,6.0
2020-04-07,Clarion,9.0,
2020-04-07,Clearfield,7.0,
2020-04-07,Clinton,3.0,
2020-04-07,Columbia,42.0,1.0
2020-04-07,Crawford,8.0,
2020-04-07,Cumberland,77.0,2.0
2020-04-07,Dauphin,155.0,1.0
2020-04-07,Delaware,898.0,20.0
2020-04-07,Elk,2.0,
2020-04-07,Erie,28.0,
2020-04-07,Fayette,32.0,1.0
2020-04-07,Forest,5.0,
2020-04-07,Franklin,39.0,
2020-04-07,Fulton,1.0,
2020-04-07,Greene,15.0,
2020-04-07,Huntingdon,5.0,
2020-04-07,Indiana,21.0,
2020-04-07,Jefferson,1.0,
2020-04-07,Juniata,14.0,
2020-04-07,Lackawanna,235.0,8.0
2020-04-07,Lancaster,490.0,14.0
2020-04-07,Lawrence,29.0,2.0
2020-04-07,Lebanon,145.0,
2020-04-07,Lehigh,1146.0,10.0
2020-04-07,Luzerne,982.0,8.0
2020-04-07,Lycoming,12.0,
2020-04-07,McKean,1.0,
2020-04-07,Mercer,26.0,
2020-04-07,Mifflin,6.0,
2020-04-07,Monroe,610.0,12.0
2020-04-07,Montgomery,1359.0,30.0
2020-04-07,Montour,27.0,
2020-04-07,Northampton,774.0,14.0
2020-04-07,Northumberland,22.0,
2020-04-07,Perry,9.0,1.0
2020-04-07,Philadelphia,4012.0,58.0
2020-04-07,Pike,136.0,5.0
2020-04-07,Potter,3.0,
2020-04-07,Schuylkill,119.0,
2020-04-07,Snyder,9.0,1.0
2020-04-07,Somerset,7.0,
2020-04-07,Sullivan,1.0,
2020-04-07,Susquehanna,11.0,
2020-04-07,Tioga,10.0,
2020-04-07,Union,7.0,
2020-04-07,Venango,5.0,
2020-04-07,Warren,1.0,
2020-04-07,Washington,57.0,
2020-04-07,Wayne,40.0,
2020-04-07,Westmoreland,177.0,
2020-04-07,Wyoming,5.0,
2020-04-07,York,218.0,2.0
2020-04-09,Adams,38.0,1.0
2020-04-09,Allegheny,759.0,12.0
2020-04-09,Armstrong,20.0,
2020-04-09,Beaver,129.0,13.0
2020-04-09,Bedford,4.0,
2020-04-09,Berks,616.0,8.0
2020-04-09,Blair,6.0,
2020-04-09,Bradford,15.0,
2020-04-09,Bucks,871.0,23.0
2020-04-09,Butler,113.0,2.0
2020-04-09,Cambria,10.0,1.0
2020-04-09,Cameron,1.0,
2020-04-09,Carbon,83.0,2.0
2020-04-09,Centre,59.0,
2020-04-09,Chester,425.0,7.0
2020-04-09,Clarion,8.0,
2020-04-09,Clearfield,7.0,
2020-04-09,Clinton,4.0,
2020-04-09,Columbia,65.0,2.0
2020-04-09,Crawford,13.0,
2020-04-09,Cumberland,88.0,2.0
2020-04-09,Dauphin,180.0,2.0
2020-04-09,Delaware,1222.0,26.0
2020-04-09,Elk,2.0,
2020-04-09,Erie,32.0,
2020-04-09,Fayette,45.0,1.0
2020-04-09,Forest,5.0,
2020-04-09,Franklin,52.0,
2020-04-09,Fulton,1.0,
2020-04-09,Greene,21.0,
2020-04-09,Huntingdon,8.0,
2020-04-09,Indiana,21.0,
2020-04-09,Jefferson,1.0,
2020-04-09,Juniata,23.0,
2020-04-09,Lackawanna,312.0,16.0
2020-04-09,Lancaster,596.0,17.0
2020-04-09,Lawrence,37.0,2.0
2020-04-09,Lebanon,187.0,
2020-04-09,Lehigh,1466.0,13.0
2020-04-09,Luzerne,1241.0,12.0
2020-04-09,Lycoming,17.0,
2020-04-09,McKean,1.0,
2020-04-09,Mercer,30.0,
2020-04-09,Mifflin,10.0,
2020-04-09,Monroe,716.0,19.0
2020-04-09,Montgomery,1693.0,37.0
2020-04-09,Montour,25.0,
2020-04-09,Northampton,949.0,20.0
2020-04-09,Northumberland,24.0,
2020-04-09,Perry,15.0,1.0
2020-04-09,Philadelphia,5029.0,86.0
2020-04-09,Pike,163.0,6.0
2020-04-09,Potter,3.0,
2020-04-09,Schuylkill,149.0,1.0
2020-04-09,Snyder,9.0,1.0
2020-04-09,Somerset,7.0,
2020-04-09,Sullivan,1.0,
2020-04-09,Susquehanna,16.0,1.0
2020-04-09,Tioga,10.0,
2020-04-09,Union,11.0,
2020-04-09,Venango,5.0,
2020-04-09,Warren,1.0,
2020-04-09,Washington,63.0,
2020-04-09,Wayne,49.0,
2020-04-09,Westmoreland,190.0,1.0
2020-04-09,Wyoming,6.0,
2020-04-09,York,250.0,3.0
2020-04-10,Adams,43.0,1.0
2020-04-10,Allegheny,788.0,18.0
2020-04-10,Armstrong,22.0,
2020-04-10,Beaver,139.0,13.0
2020-04-10,Bedford,3.0,
2020-04-10,Berks,720.0,12.0
2020-04-10,Blair,9.0,
2020-04-10,Bradford,16.0,
2020-04-10,Bucks,958.0,26.0
2020-04-10,Butler,123.0,3.0
2020-04-10,Cambria,11.0,1.0
2020-04-10,Cameron,1.0,
2020-04-10,Carbon,93.0,3.0
2020-04-10,Centre,61.0,
2020-04-10,Chester,485.0,9.0
2020-04-10,Clarion,10.0,
2020-04-10,Clearfield,8.0,
2020-04-10,Clinton,6.0,
2020-04-10,Columbia,81.0,2.0
2020-04-10,Crawford,13.0,
2020-04-10,Cumberland,96.0,2.0
2020-04-10,Dauphin,199.0,2.0
2020-04-10,Delaware,1377.0,30.0
2020-04-10,Elk,2.0,
2020-04-10,Erie,36.0,
2020-04-10,Fayette,49.0,1.0
2020-04-10,Forest,5.0,
2020-04-10,Franklin,57.0,
2020-04-10,Fulton,1.0,
2020-04-10,Greene,21.0,
2020-04-10,Huntingdon,8.0,
2020-04-10,Indiana,26.0,
2020-04-10,Jefferson,1.0,
2020-04-10,Juniata,30.0,
2020-04-10,Lackawanna,346.0,18.0
2020-04-10,Lancaster,648.0,21.0
2020-04-10,Lawrence,45.0,3.0
2020-04-10,Lebanon,218.0,1.0
2020-04-10,Lehigh,1562.0,16.0
2020-04-10,Luzerne,1325.0,15.0
2020-04-10,Lycoming,18.0,
2020-04-10,McKean,1.0,
2020-04-10,Mercer,36.0,
2020-04-10,Mifflin,11.0,
2020-04-10,Monroe,752.0,19.0
2020-04-10,Montgomery,1889.0,50.0
2020-04-10,Montour,29.0,
2020-04-10,Northampton,994.0,21.0
2020-04-10,Northumberland,29.0,
2020-04-10,Perry,16.0,1.0
2020-04-10,Philadelphia,5521.0,110.0
2020-04-10,Pike,190.0,6.0
2020-04-10,Potter,3.0,
2020-04-10,Schuylkill,164.0,1.0
2020-04-10,Snyder,12.0,1.0
2020-04-10,Somerset,10.0,
2020-04-10,Sullivan,1.0,
2020-04-10,Susquehanna,22.0,2.0
2020-04-10,Tioga,11.0,
2020-04-10,Union,12.0,
2020-04-10,Venango,5.0,
2020-04-10,Warren,1.0,
2020-04-10,Washington,66.0,
2020-04-10,Wayne,53.0,
2020-04-10,Westmoreland,202.0,5.0
2020-04-10,Wyoming,6.0,
2020-04-10,York,283.0,3.0
2020-04-11,Adams,44.0,1.0
2020-04-11,Allegheny,836.0,19.0
2020-04-11,Armstrong,26.0,1.0
2020-04-11,Beaver,143.0,13.0
2020-04-11,Bedford,5.0,1.0
2020-04-11,Berks,930.0,19.0
2020-04-11,Blair,10.0,
2020-04-11,Bradford,18.0,
2020-04-11,Bucks,1051.0,29.0
2020-04-11,Butler,128.0,3.0
2020-04-11,Cambria,13.0,1.0
2020-04-11,Cameron,1.0,
2020-04-11,Carbon,98.0,3.0
2020-04-11,Centre,69.0,
2020-04-11,Chester,532.0,15.0
2020-04-11,Clarion,15.0,
2020-04-11,Clearfield,9.0,
2020-04-11,Clinton,7.0,
2020-04-11,Columbia,99.0,2.0
2020-04-11,Crawford,15.0,
2020-04-11,Cumberland,105.0,3.0
2020-04-11,Dauphin,213.0,3.0
2020-04-11,Delaware,1510.0,39.0
2020-04-11,Elk,2.0,
2020-04-11,Erie,39.0,
2020-04-11,Fayette,50.0,3.0
2020-04-11,Forest,5.0,
2020-04-11,Franklin,59.0,
2020-04-11,Fulton,1.0,
2020-04-11,Greene,23.0,
2020-04-11,Huntingdon,10.0,
2020-04-11,Indiana,40.0,
2020-04-11,Jefferson,1.0,
2020-04-11,Juniata,38.0,
2020-04-11,Lackawanna,392.0,20.0
2020-04-11,Lancaster,698.0,23.0
2020-04-11,Lawrence,46.0,4.0
2020-04-11,Lebanon,232.0,1.0
2020-04-11,Lehigh,1620.0,16.0
2020-04-11,Luzerne,1372.0,17.0
2020-04-11,Lycoming,20.0,
2020-04-11,McKean,2.0,
2020-04-11,Mercer,38.0,
2020-04-11,Mifflin,10.0,
2020-04-11,Monroe,774.0,22.0
2020-04-11,Montgomery,2053.0,60.0
2020-04-11,Montour,29.0,
2020-04-11,Northampton,1039.0,23.0
2020-04-11,Northumberland,31.0,
2020-04-11,Perry,16.0,1.0
2020-04-11,Philadelphia,6022.0,130.0
2020-04-11,Pike,208.0,6.0
2020-04-11,Potter,4.0,
2020-04-11,Schuylkill,179.0,2.0
2020-04-11,Snyder,16.0,1.0
2020-04-11,Somerset,10.0,
2020-04-11,Sullivan,1.0,
2020-04-11,Susquehanna,23.0,2.0
2020-04-11,Tioga,12.0,1.0
2020-04-11,Union,14.0,
2020-04-11,Venango,6.0,
2020-04-11,Warren,1.0,
2020-04-11,Washington,66.0,
2020-04-11,Wayne,57.0,1.0
2020-04-11,Westmoreland,218.0,6.0
2020-04-11,Wyoming,8.0,
2020-04-11,York,293.0,3.0
